build,workload,round,hash,counter,baseline,final,delta
minic-baseline,vector-sort,0,550032347410528510,allocated_bytes,1020,1020,0
minic-baseline,vector-sort,0,550032347410528510,live,0,0,0
minic-baseline,vector-sort,0,550032347410528510,peak_live,130,130,0
minic-baseline,vector-sort,0,550032347410528510,move_assign,807,807,0
minic-baseline,vector-sort,0,550032347410528510,freed_bytes,1020,1020,0
minic-baseline,vector-sort,0,550032347410528510,live_bytes,0,0,0
minic-baseline,vector-sort,0,550032347410528510,value_ctor,128,128,0
minic-baseline,vector-sort,0,550032347410528510,move_ctor,546,546,0
minic-baseline,vector-sort,0,550032347410528510,copy_assign,0,0,0
minic-baseline,vector-sort,0,550032347410528510,destroyed,674,674,0
minic-baseline,vector-sort,0,550032347410528510,copy_ctor,0,0,0
minic-baseline,vector-sort,0,550032347410528510,frees,8,8,0
minic-baseline,vector-sort,0,550032347410528510,peak_bytes,768,768,0
minic-baseline,vector-sort,0,550032347410528510,allocations,8,8,0
minic-baseline,vector-sort,0,550032347410528510,comparisons,1006,1006,0
minic-baseline,vector-sort,1,9223030241767564344,allocated_bytes,1020,1020,0
minic-baseline,vector-sort,1,9223030241767564344,live,0,0,0
minic-baseline,vector-sort,1,9223030241767564344,peak_live,130,130,0
minic-baseline,vector-sort,1,9223030241767564344,move_assign,908,908,0
minic-baseline,vector-sort,1,9223030241767564344,freed_bytes,1020,1020,0
minic-baseline,vector-sort,1,9223030241767564344,live_bytes,0,0,0
minic-baseline,vector-sort,1,9223030241767564344,value_ctor,128,128,0
minic-baseline,vector-sort,1,9223030241767564344,move_ctor,609,609,0
minic-baseline,vector-sort,1,9223030241767564344,copy_assign,0,0,0
minic-baseline,vector-sort,1,9223030241767564344,destroyed,737,737,0
minic-baseline,vector-sort,1,9223030241767564344,copy_ctor,0,0,0
minic-baseline,vector-sort,1,9223030241767564344,frees,8,8,0
minic-baseline,vector-sort,1,9223030241767564344,peak_bytes,768,768,0
minic-baseline,vector-sort,1,9223030241767564344,allocations,8,8,0
minic-baseline,vector-sort,1,9223030241767564344,comparisons,891,891,0
minic-baseline,binary-search,0,8072944771722102906,allocated_bytes,1020,1020,0
minic-baseline,binary-search,0,8072944771722102906,live,0,0,0
minic-baseline,binary-search,0,8072944771722102906,peak_live,130,130,0
minic-baseline,binary-search,0,8072944771722102906,move_assign,807,807,0
minic-baseline,binary-search,0,8072944771722102906,freed_bytes,1020,1020,0
minic-baseline,binary-search,0,8072944771722102906,live_bytes,0,0,0
minic-baseline,binary-search,0,8072944771722102906,value_ctor,256,256,0
minic-baseline,binary-search,0,8072944771722102906,move_ctor,546,546,0
minic-baseline,binary-search,0,8072944771722102906,copy_assign,0,0,0
minic-baseline,binary-search,0,8072944771722102906,destroyed,802,802,0
minic-baseline,binary-search,0,8072944771722102906,copy_ctor,0,0,0
minic-baseline,binary-search,0,8072944771722102906,frees,8,8,0
minic-baseline,binary-search,0,8072944771722102906,peak_bytes,768,768,0
minic-baseline,binary-search,0,8072944771722102906,allocations,8,8,0
minic-baseline,binary-search,0,8072944771722102906,comparisons,1903,1903,0
minic-baseline,binary-search,1,2191801933544553441,allocated_bytes,1020,1020,0
minic-baseline,binary-search,1,2191801933544553441,live,0,0,0
minic-baseline,binary-search,1,2191801933544553441,peak_live,130,130,0
minic-baseline,binary-search,1,2191801933544553441,move_assign,908,908,0
minic-baseline,binary-search,1,2191801933544553441,freed_bytes,1020,1020,0
minic-baseline,binary-search,1,2191801933544553441,live_bytes,0,0,0
minic-baseline,binary-search,1,2191801933544553441,value_ctor,256,256,0
minic-baseline,binary-search,1,2191801933544553441,move_ctor,609,609,0
minic-baseline,binary-search,1,2191801933544553441,copy_assign,0,0,0
minic-baseline,binary-search,1,2191801933544553441,destroyed,865,865,0
minic-baseline,binary-search,1,2191801933544553441,copy_ctor,0,0,0
minic-baseline,binary-search,1,2191801933544553441,frees,8,8,0
minic-baseline,binary-search,1,2191801933544553441,peak_bytes,768,768,0
minic-baseline,binary-search,1,2191801933544553441,allocations,8,8,0
minic-baseline,binary-search,1,2191801933544553441,comparisons,1788,1788,0
minic-baseline,priority-queue,0,17829704849614537984,allocated_bytes,1020,1020,0
minic-baseline,priority-queue,0,17829704849614537984,live,0,0,0
minic-baseline,priority-queue,0,17829704849614537984,peak_live,130,130,0
minic-baseline,priority-queue,0,17829704849614537984,move_assign,1203,1203,0
minic-baseline,priority-queue,0,17829704849614537984,freed_bytes,1020,1020,0
minic-baseline,priority-queue,0,17829704849614537984,live_bytes,0,0,0
minic-baseline,priority-queue,0,17829704849614537984,value_ctor,128,128,0
minic-baseline,priority-queue,0,17829704849614537984,move_ctor,636,636,0
minic-baseline,priority-queue,0,17829704849614537984,copy_assign,0,0,0
minic-baseline,priority-queue,0,17829704849614537984,destroyed,764,764,0
minic-baseline,priority-queue,0,17829704849614537984,copy_ctor,0,0,0
minic-baseline,priority-queue,0,17829704849614537984,frees,8,8,0
minic-baseline,priority-queue,0,17829704849614537984,peak_bytes,768,768,0
minic-baseline,priority-queue,0,17829704849614537984,allocations,8,8,0
minic-baseline,priority-queue,0,17829704849614537984,comparisons,1423,1423,0
minic-baseline,priority-queue,1,8664986764619918386,allocated_bytes,1020,1020,0
minic-baseline,priority-queue,1,8664986764619918386,live,0,0,0
minic-baseline,priority-queue,1,8664986764619918386,peak_live,130,130,0
minic-baseline,priority-queue,1,8664986764619918386,move_assign,1251,1251,0
minic-baseline,priority-queue,1,8664986764619918386,freed_bytes,1020,1020,0
minic-baseline,priority-queue,1,8664986764619918386,live_bytes,0,0,0
minic-baseline,priority-queue,1,8664986764619918386,value_ctor,128,128,0
minic-baseline,priority-queue,1,8664986764619918386,move_ctor,636,636,0
minic-baseline,priority-queue,1,8664986764619918386,copy_assign,0,0,0
minic-baseline,priority-queue,1,8664986764619918386,destroyed,764,764,0
minic-baseline,priority-queue,1,8664986764619918386,copy_ctor,0,0,0
minic-baseline,priority-queue,1,8664986764619918386,frees,8,8,0
minic-baseline,priority-queue,1,8664986764619918386,peak_bytes,768,768,0
minic-baseline,priority-queue,1,8664986764619918386,allocations,8,8,0
minic-baseline,priority-queue,1,8664986764619918386,comparisons,1465,1465,0
minic-baseline,ordered-map,0,1681045660153100735,allocated_bytes,2320,2320,0
minic-baseline,ordered-map,0,1681045660153100735,live,0,0,0
minic-baseline,ordered-map,0,1681045660153100735,peak_live,59,59,0
minic-baseline,ordered-map,0,1681045660153100735,move_assign,128,128,0
minic-baseline,ordered-map,0,1681045660153100735,freed_bytes,2320,2320,0
minic-baseline,ordered-map,0,1681045660153100735,live_bytes,0,0,0
minic-baseline,ordered-map,0,1681045660153100735,value_ctor,186,186,0
minic-baseline,ordered-map,0,1681045660153100735,move_ctor,0,0,0
minic-baseline,ordered-map,0,1681045660153100735,copy_assign,0,0,0
minic-baseline,ordered-map,0,1681045660153100735,destroyed,186,186,0
minic-baseline,ordered-map,0,1681045660153100735,copy_ctor,0,0,0
minic-baseline,ordered-map,0,1681045660153100735,frees,58,58,0
minic-baseline,ordered-map,0,1681045660153100735,peak_bytes,2320,2320,0
minic-baseline,ordered-map,0,1681045660153100735,allocations,58,58,0
minic-baseline,ordered-map,0,1681045660153100735,comparisons,1531,1531,0
minic-baseline,ordered-map,1,9387615893937003096,allocated_bytes,2320,2320,0
minic-baseline,ordered-map,1,9387615893937003096,live,0,0,0
minic-baseline,ordered-map,1,9387615893937003096,peak_live,59,59,0
minic-baseline,ordered-map,1,9387615893937003096,move_assign,128,128,0
minic-baseline,ordered-map,1,9387615893937003096,freed_bytes,2320,2320,0
minic-baseline,ordered-map,1,9387615893937003096,live_bytes,0,0,0
minic-baseline,ordered-map,1,9387615893937003096,value_ctor,186,186,0
minic-baseline,ordered-map,1,9387615893937003096,move_ctor,0,0,0
minic-baseline,ordered-map,1,9387615893937003096,copy_assign,0,0,0
minic-baseline,ordered-map,1,9387615893937003096,destroyed,186,186,0
minic-baseline,ordered-map,1,9387615893937003096,copy_ctor,0,0,0
minic-baseline,ordered-map,1,9387615893937003096,frees,58,58,0
minic-baseline,ordered-map,1,9387615893937003096,peak_bytes,2320,2320,0
minic-baseline,ordered-map,1,9387615893937003096,allocations,58,58,0
minic-baseline,ordered-map,1,9387615893937003096,comparisons,1564,1564,0
minic-baseline,deque,0,7296552367775480883,allocated_bytes,576,576,0
minic-baseline,deque,0,7296552367775480883,live,0,0,0
minic-baseline,deque,0,7296552367775480883,peak_live,129,129,0
minic-baseline,deque,0,7296552367775480883,move_assign,0,0,0
minic-baseline,deque,0,7296552367775480883,freed_bytes,576,576,0
minic-baseline,deque,0,7296552367775480883,live_bytes,0,0,0
minic-baseline,deque,0,7296552367775480883,value_ctor,128,128,0
minic-baseline,deque,0,7296552367775480883,move_ctor,128,128,0
minic-baseline,deque,0,7296552367775480883,copy_assign,0,0,0
minic-baseline,deque,0,7296552367775480883,destroyed,256,256,0
minic-baseline,deque,0,7296552367775480883,copy_ctor,0,0,0
minic-baseline,deque,0,7296552367775480883,frees,2,2,0
minic-baseline,deque,0,7296552367775480883,peak_bytes,576,576,0
minic-baseline,deque,0,7296552367775480883,allocations,2,2,0
minic-baseline,deque,0,7296552367775480883,comparisons,0,0,0
minic-baseline,deque,1,13289549565522594821,allocated_bytes,576,576,0
minic-baseline,deque,1,13289549565522594821,live,0,0,0
minic-baseline,deque,1,13289549565522594821,peak_live,129,129,0
minic-baseline,deque,1,13289549565522594821,move_assign,0,0,0
minic-baseline,deque,1,13289549565522594821,freed_bytes,576,576,0
minic-baseline,deque,1,13289549565522594821,live_bytes,0,0,0
minic-baseline,deque,1,13289549565522594821,value_ctor,128,128,0
minic-baseline,deque,1,13289549565522594821,move_ctor,128,128,0
minic-baseline,deque,1,13289549565522594821,copy_assign,0,0,0
minic-baseline,deque,1,13289549565522594821,destroyed,256,256,0
minic-baseline,deque,1,13289549565522594821,copy_ctor,0,0,0
minic-baseline,deque,1,13289549565522594821,frees,2,2,0
minic-baseline,deque,1,13289549565522594821,peak_bytes,576,576,0
minic-baseline,deque,1,13289549565522594821,allocations,2,2,0
minic-baseline,deque,1,13289549565522594821,comparisons,0,0,0
minic-baseline,string,0,10145041132607666182,allocated_bytes,524,454,-70
minic-baseline,string,0,10145041132607666182,live,0,0,0
minic-baseline,string,0,10145041132607666182,peak_live,0,0,0
minic-baseline,string,0,10145041132607666182,move_assign,0,0,0
minic-baseline,string,0,10145041132607666182,freed_bytes,524,454,-70
minic-baseline,string,0,10145041132607666182,live_bytes,0,0,0
minic-baseline,string,0,10145041132607666182,value_ctor,0,0,0
minic-baseline,string,0,10145041132607666182,move_ctor,0,0,0
minic-baseline,string,0,10145041132607666182,copy_assign,0,0,0
minic-baseline,string,0,10145041132607666182,destroyed,0,0,0
minic-baseline,string,0,10145041132607666182,copy_ctor,0,0,0
minic-baseline,string,0,10145041132607666182,frees,10,4,-6
minic-baseline,string,0,10145041132607666182,peak_bytes,390,362,-28
minic-baseline,string,0,10145041132607666182,allocations,10,4,-6
minic-baseline,string,0,10145041132607666182,comparisons,0,0,0
minic-baseline,string,1,4726940784443205537,allocated_bytes,524,454,-70
minic-baseline,string,1,4726940784443205537,live,0,0,0
minic-baseline,string,1,4726940784443205537,peak_live,0,0,0
minic-baseline,string,1,4726940784443205537,move_assign,0,0,0
minic-baseline,string,1,4726940784443205537,freed_bytes,524,454,-70
minic-baseline,string,1,4726940784443205537,live_bytes,0,0,0
minic-baseline,string,1,4726940784443205537,value_ctor,0,0,0
minic-baseline,string,1,4726940784443205537,move_ctor,0,0,0
minic-baseline,string,1,4726940784443205537,copy_assign,0,0,0
minic-baseline,string,1,4726940784443205537,destroyed,0,0,0
minic-baseline,string,1,4726940784443205537,copy_ctor,0,0,0
minic-baseline,string,1,4726940784443205537,frees,10,4,-6
minic-baseline,string,1,4726940784443205537,peak_bytes,390,362,-28
minic-baseline,string,1,4726940784443205537,allocations,10,4,-6
minic-baseline,string,1,4726940784443205537,comparisons,0,0,0
minic-baseline,bitset,0,1832741439190612588,allocated_bytes,0,0,0
minic-baseline,bitset,0,1832741439190612588,live,0,0,0
minic-baseline,bitset,0,1832741439190612588,peak_live,0,0,0
minic-baseline,bitset,0,1832741439190612588,move_assign,0,0,0
minic-baseline,bitset,0,1832741439190612588,freed_bytes,0,0,0
minic-baseline,bitset,0,1832741439190612588,live_bytes,0,0,0
minic-baseline,bitset,0,1832741439190612588,value_ctor,0,0,0
minic-baseline,bitset,0,1832741439190612588,move_ctor,0,0,0
minic-baseline,bitset,0,1832741439190612588,copy_assign,0,0,0
minic-baseline,bitset,0,1832741439190612588,destroyed,0,0,0
minic-baseline,bitset,0,1832741439190612588,copy_ctor,0,0,0
minic-baseline,bitset,0,1832741439190612588,frees,0,0,0
minic-baseline,bitset,0,1832741439190612588,peak_bytes,0,0,0
minic-baseline,bitset,0,1832741439190612588,allocations,0,0,0
minic-baseline,bitset,0,1832741439190612588,comparisons,0,0,0
minic-baseline,bitset,1,17183222391966980974,allocated_bytes,0,0,0
minic-baseline,bitset,1,17183222391966980974,live,0,0,0
minic-baseline,bitset,1,17183222391966980974,peak_live,0,0,0
minic-baseline,bitset,1,17183222391966980974,move_assign,0,0,0
minic-baseline,bitset,1,17183222391966980974,freed_bytes,0,0,0
minic-baseline,bitset,1,17183222391966980974,live_bytes,0,0,0
minic-baseline,bitset,1,17183222391966980974,value_ctor,0,0,0
minic-baseline,bitset,1,17183222391966980974,move_ctor,0,0,0
minic-baseline,bitset,1,17183222391966980974,copy_assign,0,0,0
minic-baseline,bitset,1,17183222391966980974,destroyed,0,0,0
minic-baseline,bitset,1,17183222391966980974,copy_ctor,0,0,0
minic-baseline,bitset,1,17183222391966980974,frees,0,0,0
minic-baseline,bitset,1,17183222391966980974,peak_bytes,0,0,0
minic-baseline,bitset,1,17183222391966980974,allocations,0,0,0
minic-baseline,bitset,1,17183222391966980974,comparisons,0,0,0
minic-baseline,string-short,0,13028320150223717531,allocated_bytes,8320,496,-7824
minic-baseline,string-short,0,13028320150223717531,live,0,0,0
minic-baseline,string-short,0,13028320150223717531,peak_live,0,0,0
minic-baseline,string-short,0,13028320150223717531,move_assign,0,0,0
minic-baseline,string-short,0,13028320150223717531,freed_bytes,8320,496,-7824
minic-baseline,string-short,0,13028320150223717531,live_bytes,0,0,0
minic-baseline,string-short,0,13028320150223717531,value_ctor,0,0,0
minic-baseline,string-short,0,13028320150223717531,move_ctor,0,0,0
minic-baseline,string-short,0,13028320150223717531,copy_assign,0,0,0
minic-baseline,string-short,0,13028320150223717531,destroyed,0,0,0
minic-baseline,string-short,0,13028320150223717531,copy_ctor,0,0,0
minic-baseline,string-short,0,13028320150223717531,frees,744,16,-728
minic-baseline,string-short,0,13028320150223717531,peak_bytes,94,62,-32
minic-baseline,string-short,0,13028320150223717531,allocations,744,16,-728
minic-baseline,string-short,0,13028320150223717531,comparisons,0,0,0
minic-baseline,string-short,1,15124631294888305325,allocated_bytes,8320,496,-7824
minic-baseline,string-short,1,15124631294888305325,live,0,0,0
minic-baseline,string-short,1,15124631294888305325,peak_live,0,0,0
minic-baseline,string-short,1,15124631294888305325,move_assign,0,0,0
minic-baseline,string-short,1,15124631294888305325,freed_bytes,8320,496,-7824
minic-baseline,string-short,1,15124631294888305325,live_bytes,0,0,0
minic-baseline,string-short,1,15124631294888305325,value_ctor,0,0,0
minic-baseline,string-short,1,15124631294888305325,move_ctor,0,0,0
minic-baseline,string-short,1,15124631294888305325,copy_assign,0,0,0
minic-baseline,string-short,1,15124631294888305325,destroyed,0,0,0
minic-baseline,string-short,1,15124631294888305325,copy_ctor,0,0,0
minic-baseline,string-short,1,15124631294888305325,frees,744,16,-728
minic-baseline,string-short,1,15124631294888305325,peak_bytes,94,62,-32
minic-baseline,string-short,1,15124631294888305325,allocations,744,16,-728
minic-baseline,string-short,1,15124631294888305325,comparisons,0,0,0
minic-baseline,bitset-count,0,11516146309360591764,allocated_bytes,0,0,0
minic-baseline,bitset-count,0,11516146309360591764,live,0,0,0
minic-baseline,bitset-count,0,11516146309360591764,peak_live,0,0,0
minic-baseline,bitset-count,0,11516146309360591764,move_assign,0,0,0
minic-baseline,bitset-count,0,11516146309360591764,freed_bytes,0,0,0
minic-baseline,bitset-count,0,11516146309360591764,live_bytes,0,0,0
minic-baseline,bitset-count,0,11516146309360591764,value_ctor,0,0,0
minic-baseline,bitset-count,0,11516146309360591764,move_ctor,0,0,0
minic-baseline,bitset-count,0,11516146309360591764,copy_assign,0,0,0
minic-baseline,bitset-count,0,11516146309360591764,destroyed,0,0,0
minic-baseline,bitset-count,0,11516146309360591764,copy_ctor,0,0,0
minic-baseline,bitset-count,0,11516146309360591764,frees,0,0,0
minic-baseline,bitset-count,0,11516146309360591764,peak_bytes,0,0,0
minic-baseline,bitset-count,0,11516146309360591764,allocations,0,0,0
minic-baseline,bitset-count,0,11516146309360591764,comparisons,0,0,0
minic-baseline,bitset-count,1,2445875826056563149,allocated_bytes,0,0,0
minic-baseline,bitset-count,1,2445875826056563149,live,0,0,0
minic-baseline,bitset-count,1,2445875826056563149,peak_live,0,0,0
minic-baseline,bitset-count,1,2445875826056563149,move_assign,0,0,0
minic-baseline,bitset-count,1,2445875826056563149,freed_bytes,0,0,0
minic-baseline,bitset-count,1,2445875826056563149,live_bytes,0,0,0
minic-baseline,bitset-count,1,2445875826056563149,value_ctor,0,0,0
minic-baseline,bitset-count,1,2445875826056563149,move_ctor,0,0,0
minic-baseline,bitset-count,1,2445875826056563149,copy_assign,0,0,0
minic-baseline,bitset-count,1,2445875826056563149,destroyed,0,0,0
minic-baseline,bitset-count,1,2445875826056563149,copy_ctor,0,0,0
minic-baseline,bitset-count,1,2445875826056563149,frees,0,0,0
minic-baseline,bitset-count,1,2445875826056563149,peak_bytes,0,0,0
minic-baseline,bitset-count,1,2445875826056563149,allocations,0,0,0
minic-baseline,bitset-count,1,2445875826056563149,comparisons,0,0,0
minic-baseline,bitset-count-sparse,0,3784589404002651322,peak_live,0,0,0
minic-baseline,bitset-count-sparse,0,3784589404002651322,live_bytes,0,0,0
minic-baseline,bitset-count-sparse,0,3784589404002651322,frees,0,0,0
minic-baseline,bitset-count-sparse,0,3784589404002651322,live,0,0,0
minic-baseline,bitset-count-sparse,0,3784589404002651322,move_assign,0,0,0
minic-baseline,bitset-count-sparse,0,3784589404002651322,move_ctor,0,0,0
minic-baseline,bitset-count-sparse,0,3784589404002651322,copy_assign,0,0,0
minic-baseline,bitset-count-sparse,0,3784589404002651322,freed_bytes,0,0,0
minic-baseline,bitset-count-sparse,0,3784589404002651322,value_ctor,0,0,0
minic-baseline,bitset-count-sparse,0,3784589404002651322,count_total,4156,4156,0
minic-baseline,bitset-count-sparse,0,3784589404002651322,allocations,0,0,0
minic-baseline,bitset-count-sparse,0,3784589404002651322,comparisons,0,0,0
minic-baseline,bitset-count-sparse,0,3784589404002651322,bit_mutations,256,256,0
minic-baseline,bitset-count-sparse,0,3784589404002651322,allocated_bytes,0,0,0
minic-baseline,bitset-count-sparse,0,3784589404002651322,copy_ctor,0,0,0
minic-baseline,bitset-count-sparse,0,3784589404002651322,peak_bytes,0,0,0
minic-baseline,bitset-count-sparse,0,3784589404002651322,count_calls,256,256,0
minic-baseline,bitset-count-sparse,0,3784589404002651322,destroyed,0,0,0
minic-baseline,bitset-count-sparse,1,16090885783204104021,peak_live,0,0,0
minic-baseline,bitset-count-sparse,1,16090885783204104021,live_bytes,0,0,0
minic-baseline,bitset-count-sparse,1,16090885783204104021,frees,0,0,0
minic-baseline,bitset-count-sparse,1,16090885783204104021,live,0,0,0
minic-baseline,bitset-count-sparse,1,16090885783204104021,move_assign,0,0,0
minic-baseline,bitset-count-sparse,1,16090885783204104021,move_ctor,0,0,0
minic-baseline,bitset-count-sparse,1,16090885783204104021,copy_assign,0,0,0
minic-baseline,bitset-count-sparse,1,16090885783204104021,freed_bytes,0,0,0
minic-baseline,bitset-count-sparse,1,16090885783204104021,value_ctor,0,0,0
minic-baseline,bitset-count-sparse,1,16090885783204104021,count_total,4158,4158,0
minic-baseline,bitset-count-sparse,1,16090885783204104021,allocations,0,0,0
minic-baseline,bitset-count-sparse,1,16090885783204104021,comparisons,0,0,0
minic-baseline,bitset-count-sparse,1,16090885783204104021,bit_mutations,256,256,0
minic-baseline,bitset-count-sparse,1,16090885783204104021,allocated_bytes,0,0,0
minic-baseline,bitset-count-sparse,1,16090885783204104021,copy_ctor,0,0,0
minic-baseline,bitset-count-sparse,1,16090885783204104021,peak_bytes,0,0,0
minic-baseline,bitset-count-sparse,1,16090885783204104021,count_calls,256,256,0
minic-baseline,bitset-count-sparse,1,16090885783204104021,destroyed,0,0,0
minic-baseline,bitset-count-dense,0,15077712790814499522,peak_live,0,0,0
minic-baseline,bitset-count-dense,0,15077712790814499522,live_bytes,0,0,0
minic-baseline,bitset-count-dense,0,15077712790814499522,frees,0,0,0
minic-baseline,bitset-count-dense,0,15077712790814499522,live,0,0,0
minic-baseline,bitset-count-dense,0,15077712790814499522,move_assign,0,0,0
minic-baseline,bitset-count-dense,0,15077712790814499522,move_ctor,0,0,0
minic-baseline,bitset-count-dense,0,15077712790814499522,copy_assign,0,0,0
minic-baseline,bitset-count-dense,0,15077712790814499522,freed_bytes,0,0,0
minic-baseline,bitset-count-dense,0,15077712790814499522,value_ctor,0,0,0
minic-baseline,bitset-count-dense,0,15077712790814499522,count_total,257988,257988,0
minic-baseline,bitset-count-dense,0,15077712790814499522,allocations,0,0,0
minic-baseline,bitset-count-dense,0,15077712790814499522,comparisons,0,0,0
minic-baseline,bitset-count-dense,0,15077712790814499522,bit_mutations,256,256,0
minic-baseline,bitset-count-dense,0,15077712790814499522,allocated_bytes,0,0,0
minic-baseline,bitset-count-dense,0,15077712790814499522,copy_ctor,0,0,0
minic-baseline,bitset-count-dense,0,15077712790814499522,peak_bytes,0,0,0
minic-baseline,bitset-count-dense,0,15077712790814499522,count_calls,256,256,0
minic-baseline,bitset-count-dense,0,15077712790814499522,destroyed,0,0,0
minic-baseline,bitset-count-dense,1,17328273090332752061,peak_live,0,0,0
minic-baseline,bitset-count-dense,1,17328273090332752061,live_bytes,0,0,0
minic-baseline,bitset-count-dense,1,17328273090332752061,frees,0,0,0
minic-baseline,bitset-count-dense,1,17328273090332752061,live,0,0,0
minic-baseline,bitset-count-dense,1,17328273090332752061,move_assign,0,0,0
minic-baseline,bitset-count-dense,1,17328273090332752061,move_ctor,0,0,0
minic-baseline,bitset-count-dense,1,17328273090332752061,copy_assign,0,0,0
minic-baseline,bitset-count-dense,1,17328273090332752061,freed_bytes,0,0,0
minic-baseline,bitset-count-dense,1,17328273090332752061,value_ctor,0,0,0
minic-baseline,bitset-count-dense,1,17328273090332752061,count_total,257986,257986,0
minic-baseline,bitset-count-dense,1,17328273090332752061,allocations,0,0,0
minic-baseline,bitset-count-dense,1,17328273090332752061,comparisons,0,0,0
minic-baseline,bitset-count-dense,1,17328273090332752061,bit_mutations,256,256,0
minic-baseline,bitset-count-dense,1,17328273090332752061,allocated_bytes,0,0,0
minic-baseline,bitset-count-dense,1,17328273090332752061,copy_ctor,0,0,0
minic-baseline,bitset-count-dense,1,17328273090332752061,peak_bytes,0,0,0
minic-baseline,bitset-count-dense,1,17328273090332752061,count_calls,256,256,0
minic-baseline,bitset-count-dense,1,17328273090332752061,destroyed,0,0,0
minic-optimized,vector-sort,0,550032347410528510,allocated_bytes,1020,1020,0
minic-optimized,vector-sort,0,550032347410528510,live,0,0,0
minic-optimized,vector-sort,0,550032347410528510,peak_live,130,130,0
minic-optimized,vector-sort,0,550032347410528510,move_assign,807,807,0
minic-optimized,vector-sort,0,550032347410528510,freed_bytes,1020,1020,0
minic-optimized,vector-sort,0,550032347410528510,live_bytes,0,0,0
minic-optimized,vector-sort,0,550032347410528510,value_ctor,128,128,0
minic-optimized,vector-sort,0,550032347410528510,move_ctor,546,546,0
minic-optimized,vector-sort,0,550032347410528510,copy_assign,0,0,0
minic-optimized,vector-sort,0,550032347410528510,destroyed,674,674,0
minic-optimized,vector-sort,0,550032347410528510,copy_ctor,0,0,0
minic-optimized,vector-sort,0,550032347410528510,frees,8,8,0
minic-optimized,vector-sort,0,550032347410528510,peak_bytes,768,768,0
minic-optimized,vector-sort,0,550032347410528510,allocations,8,8,0
minic-optimized,vector-sort,0,550032347410528510,comparisons,1006,1006,0
minic-optimized,vector-sort,1,9223030241767564344,allocated_bytes,1020,1020,0
minic-optimized,vector-sort,1,9223030241767564344,live,0,0,0
minic-optimized,vector-sort,1,9223030241767564344,peak_live,130,130,0
minic-optimized,vector-sort,1,9223030241767564344,move_assign,908,908,0
minic-optimized,vector-sort,1,9223030241767564344,freed_bytes,1020,1020,0
minic-optimized,vector-sort,1,9223030241767564344,live_bytes,0,0,0
minic-optimized,vector-sort,1,9223030241767564344,value_ctor,128,128,0
minic-optimized,vector-sort,1,9223030241767564344,move_ctor,609,609,0
minic-optimized,vector-sort,1,9223030241767564344,copy_assign,0,0,0
minic-optimized,vector-sort,1,9223030241767564344,destroyed,737,737,0
minic-optimized,vector-sort,1,9223030241767564344,copy_ctor,0,0,0
minic-optimized,vector-sort,1,9223030241767564344,frees,8,8,0
minic-optimized,vector-sort,1,9223030241767564344,peak_bytes,768,768,0
minic-optimized,vector-sort,1,9223030241767564344,allocations,8,8,0
minic-optimized,vector-sort,1,9223030241767564344,comparisons,891,891,0
minic-optimized,binary-search,0,8072944771722102906,allocated_bytes,1020,1020,0
minic-optimized,binary-search,0,8072944771722102906,live,0,0,0
minic-optimized,binary-search,0,8072944771722102906,peak_live,130,130,0
minic-optimized,binary-search,0,8072944771722102906,move_assign,807,807,0
minic-optimized,binary-search,0,8072944771722102906,freed_bytes,1020,1020,0
minic-optimized,binary-search,0,8072944771722102906,live_bytes,0,0,0
minic-optimized,binary-search,0,8072944771722102906,value_ctor,256,256,0
minic-optimized,binary-search,0,8072944771722102906,move_ctor,546,546,0
minic-optimized,binary-search,0,8072944771722102906,copy_assign,0,0,0
minic-optimized,binary-search,0,8072944771722102906,destroyed,802,802,0
minic-optimized,binary-search,0,8072944771722102906,copy_ctor,0,0,0
minic-optimized,binary-search,0,8072944771722102906,frees,8,8,0
minic-optimized,binary-search,0,8072944771722102906,peak_bytes,768,768,0
minic-optimized,binary-search,0,8072944771722102906,allocations,8,8,0
minic-optimized,binary-search,0,8072944771722102906,comparisons,1903,1903,0
minic-optimized,binary-search,1,2191801933544553441,allocated_bytes,1020,1020,0
minic-optimized,binary-search,1,2191801933544553441,live,0,0,0
minic-optimized,binary-search,1,2191801933544553441,peak_live,130,130,0
minic-optimized,binary-search,1,2191801933544553441,move_assign,908,908,0
minic-optimized,binary-search,1,2191801933544553441,freed_bytes,1020,1020,0
minic-optimized,binary-search,1,2191801933544553441,live_bytes,0,0,0
minic-optimized,binary-search,1,2191801933544553441,value_ctor,256,256,0
minic-optimized,binary-search,1,2191801933544553441,move_ctor,609,609,0
minic-optimized,binary-search,1,2191801933544553441,copy_assign,0,0,0
minic-optimized,binary-search,1,2191801933544553441,destroyed,865,865,0
minic-optimized,binary-search,1,2191801933544553441,copy_ctor,0,0,0
minic-optimized,binary-search,1,2191801933544553441,frees,8,8,0
minic-optimized,binary-search,1,2191801933544553441,peak_bytes,768,768,0
minic-optimized,binary-search,1,2191801933544553441,allocations,8,8,0
minic-optimized,binary-search,1,2191801933544553441,comparisons,1788,1788,0
minic-optimized,priority-queue,0,17829704849614537984,allocated_bytes,1020,1020,0
minic-optimized,priority-queue,0,17829704849614537984,live,0,0,0
minic-optimized,priority-queue,0,17829704849614537984,peak_live,130,130,0
minic-optimized,priority-queue,0,17829704849614537984,move_assign,1203,1203,0
minic-optimized,priority-queue,0,17829704849614537984,freed_bytes,1020,1020,0
minic-optimized,priority-queue,0,17829704849614537984,live_bytes,0,0,0
minic-optimized,priority-queue,0,17829704849614537984,value_ctor,128,128,0
minic-optimized,priority-queue,0,17829704849614537984,move_ctor,636,636,0
minic-optimized,priority-queue,0,17829704849614537984,copy_assign,0,0,0
minic-optimized,priority-queue,0,17829704849614537984,destroyed,764,764,0
minic-optimized,priority-queue,0,17829704849614537984,copy_ctor,0,0,0
minic-optimized,priority-queue,0,17829704849614537984,frees,8,8,0
minic-optimized,priority-queue,0,17829704849614537984,peak_bytes,768,768,0
minic-optimized,priority-queue,0,17829704849614537984,allocations,8,8,0
minic-optimized,priority-queue,0,17829704849614537984,comparisons,1423,1423,0
minic-optimized,priority-queue,1,8664986764619918386,allocated_bytes,1020,1020,0
minic-optimized,priority-queue,1,8664986764619918386,live,0,0,0
minic-optimized,priority-queue,1,8664986764619918386,peak_live,130,130,0
minic-optimized,priority-queue,1,8664986764619918386,move_assign,1251,1251,0
minic-optimized,priority-queue,1,8664986764619918386,freed_bytes,1020,1020,0
minic-optimized,priority-queue,1,8664986764619918386,live_bytes,0,0,0
minic-optimized,priority-queue,1,8664986764619918386,value_ctor,128,128,0
minic-optimized,priority-queue,1,8664986764619918386,move_ctor,636,636,0
minic-optimized,priority-queue,1,8664986764619918386,copy_assign,0,0,0
minic-optimized,priority-queue,1,8664986764619918386,destroyed,764,764,0
minic-optimized,priority-queue,1,8664986764619918386,copy_ctor,0,0,0
minic-optimized,priority-queue,1,8664986764619918386,frees,8,8,0
minic-optimized,priority-queue,1,8664986764619918386,peak_bytes,768,768,0
minic-optimized,priority-queue,1,8664986764619918386,allocations,8,8,0
minic-optimized,priority-queue,1,8664986764619918386,comparisons,1465,1465,0
minic-optimized,ordered-map,0,1681045660153100735,allocated_bytes,2320,2320,0
minic-optimized,ordered-map,0,1681045660153100735,live,0,0,0
minic-optimized,ordered-map,0,1681045660153100735,peak_live,59,59,0
minic-optimized,ordered-map,0,1681045660153100735,move_assign,128,128,0
minic-optimized,ordered-map,0,1681045660153100735,freed_bytes,2320,2320,0
minic-optimized,ordered-map,0,1681045660153100735,live_bytes,0,0,0
minic-optimized,ordered-map,0,1681045660153100735,value_ctor,186,186,0
minic-optimized,ordered-map,0,1681045660153100735,move_ctor,0,0,0
minic-optimized,ordered-map,0,1681045660153100735,copy_assign,0,0,0
minic-optimized,ordered-map,0,1681045660153100735,destroyed,186,186,0
minic-optimized,ordered-map,0,1681045660153100735,copy_ctor,0,0,0
minic-optimized,ordered-map,0,1681045660153100735,frees,58,58,0
minic-optimized,ordered-map,0,1681045660153100735,peak_bytes,2320,2320,0
minic-optimized,ordered-map,0,1681045660153100735,allocations,58,58,0
minic-optimized,ordered-map,0,1681045660153100735,comparisons,1531,1531,0
minic-optimized,ordered-map,1,9387615893937003096,allocated_bytes,2320,2320,0
minic-optimized,ordered-map,1,9387615893937003096,live,0,0,0
minic-optimized,ordered-map,1,9387615893937003096,peak_live,59,59,0
minic-optimized,ordered-map,1,9387615893937003096,move_assign,128,128,0
minic-optimized,ordered-map,1,9387615893937003096,freed_bytes,2320,2320,0
minic-optimized,ordered-map,1,9387615893937003096,live_bytes,0,0,0
minic-optimized,ordered-map,1,9387615893937003096,value_ctor,186,186,0
minic-optimized,ordered-map,1,9387615893937003096,move_ctor,0,0,0
minic-optimized,ordered-map,1,9387615893937003096,copy_assign,0,0,0
minic-optimized,ordered-map,1,9387615893937003096,destroyed,186,186,0
minic-optimized,ordered-map,1,9387615893937003096,copy_ctor,0,0,0
minic-optimized,ordered-map,1,9387615893937003096,frees,58,58,0
minic-optimized,ordered-map,1,9387615893937003096,peak_bytes,2320,2320,0
minic-optimized,ordered-map,1,9387615893937003096,allocations,58,58,0
minic-optimized,ordered-map,1,9387615893937003096,comparisons,1564,1564,0
minic-optimized,deque,0,7296552367775480883,allocated_bytes,576,576,0
minic-optimized,deque,0,7296552367775480883,live,0,0,0
minic-optimized,deque,0,7296552367775480883,peak_live,129,129,0
minic-optimized,deque,0,7296552367775480883,move_assign,0,0,0
minic-optimized,deque,0,7296552367775480883,freed_bytes,576,576,0
minic-optimized,deque,0,7296552367775480883,live_bytes,0,0,0
minic-optimized,deque,0,7296552367775480883,value_ctor,128,128,0
minic-optimized,deque,0,7296552367775480883,move_ctor,128,128,0
minic-optimized,deque,0,7296552367775480883,copy_assign,0,0,0
minic-optimized,deque,0,7296552367775480883,destroyed,256,256,0
minic-optimized,deque,0,7296552367775480883,copy_ctor,0,0,0
minic-optimized,deque,0,7296552367775480883,frees,2,2,0
minic-optimized,deque,0,7296552367775480883,peak_bytes,576,576,0
minic-optimized,deque,0,7296552367775480883,allocations,2,2,0
minic-optimized,deque,0,7296552367775480883,comparisons,0,0,0
minic-optimized,deque,1,13289549565522594821,allocated_bytes,576,576,0
minic-optimized,deque,1,13289549565522594821,live,0,0,0
minic-optimized,deque,1,13289549565522594821,peak_live,129,129,0
minic-optimized,deque,1,13289549565522594821,move_assign,0,0,0
minic-optimized,deque,1,13289549565522594821,freed_bytes,576,576,0
minic-optimized,deque,1,13289549565522594821,live_bytes,0,0,0
minic-optimized,deque,1,13289549565522594821,value_ctor,128,128,0
minic-optimized,deque,1,13289549565522594821,move_ctor,128,128,0
minic-optimized,deque,1,13289549565522594821,copy_assign,0,0,0
minic-optimized,deque,1,13289549565522594821,destroyed,256,256,0
minic-optimized,deque,1,13289549565522594821,copy_ctor,0,0,0
minic-optimized,deque,1,13289549565522594821,frees,2,2,0
minic-optimized,deque,1,13289549565522594821,peak_bytes,576,576,0
minic-optimized,deque,1,13289549565522594821,allocations,2,2,0
minic-optimized,deque,1,13289549565522594821,comparisons,0,0,0
minic-optimized,string,0,10145041132607666182,allocated_bytes,524,454,-70
minic-optimized,string,0,10145041132607666182,live,0,0,0
minic-optimized,string,0,10145041132607666182,peak_live,0,0,0
minic-optimized,string,0,10145041132607666182,move_assign,0,0,0
minic-optimized,string,0,10145041132607666182,freed_bytes,524,454,-70
minic-optimized,string,0,10145041132607666182,live_bytes,0,0,0
minic-optimized,string,0,10145041132607666182,value_ctor,0,0,0
minic-optimized,string,0,10145041132607666182,move_ctor,0,0,0
minic-optimized,string,0,10145041132607666182,copy_assign,0,0,0
minic-optimized,string,0,10145041132607666182,destroyed,0,0,0
minic-optimized,string,0,10145041132607666182,copy_ctor,0,0,0
minic-optimized,string,0,10145041132607666182,frees,10,4,-6
minic-optimized,string,0,10145041132607666182,peak_bytes,390,362,-28
minic-optimized,string,0,10145041132607666182,allocations,10,4,-6
minic-optimized,string,0,10145041132607666182,comparisons,0,0,0
minic-optimized,string,1,4726940784443205537,allocated_bytes,524,454,-70
minic-optimized,string,1,4726940784443205537,live,0,0,0
minic-optimized,string,1,4726940784443205537,peak_live,0,0,0
minic-optimized,string,1,4726940784443205537,move_assign,0,0,0
minic-optimized,string,1,4726940784443205537,freed_bytes,524,454,-70
minic-optimized,string,1,4726940784443205537,live_bytes,0,0,0
minic-optimized,string,1,4726940784443205537,value_ctor,0,0,0
minic-optimized,string,1,4726940784443205537,move_ctor,0,0,0
minic-optimized,string,1,4726940784443205537,copy_assign,0,0,0
minic-optimized,string,1,4726940784443205537,destroyed,0,0,0
minic-optimized,string,1,4726940784443205537,copy_ctor,0,0,0
minic-optimized,string,1,4726940784443205537,frees,10,4,-6
minic-optimized,string,1,4726940784443205537,peak_bytes,390,362,-28
minic-optimized,string,1,4726940784443205537,allocations,10,4,-6
minic-optimized,string,1,4726940784443205537,comparisons,0,0,0
minic-optimized,bitset,0,1832741439190612588,allocated_bytes,0,0,0
minic-optimized,bitset,0,1832741439190612588,live,0,0,0
minic-optimized,bitset,0,1832741439190612588,peak_live,0,0,0
minic-optimized,bitset,0,1832741439190612588,move_assign,0,0,0
minic-optimized,bitset,0,1832741439190612588,freed_bytes,0,0,0
minic-optimized,bitset,0,1832741439190612588,live_bytes,0,0,0
minic-optimized,bitset,0,1832741439190612588,value_ctor,0,0,0
minic-optimized,bitset,0,1832741439190612588,move_ctor,0,0,0
minic-optimized,bitset,0,1832741439190612588,copy_assign,0,0,0
minic-optimized,bitset,0,1832741439190612588,destroyed,0,0,0
minic-optimized,bitset,0,1832741439190612588,copy_ctor,0,0,0
minic-optimized,bitset,0,1832741439190612588,frees,0,0,0
minic-optimized,bitset,0,1832741439190612588,peak_bytes,0,0,0
minic-optimized,bitset,0,1832741439190612588,allocations,0,0,0
minic-optimized,bitset,0,1832741439190612588,comparisons,0,0,0
minic-optimized,bitset,1,17183222391966980974,allocated_bytes,0,0,0
minic-optimized,bitset,1,17183222391966980974,live,0,0,0
minic-optimized,bitset,1,17183222391966980974,peak_live,0,0,0
minic-optimized,bitset,1,17183222391966980974,move_assign,0,0,0
minic-optimized,bitset,1,17183222391966980974,freed_bytes,0,0,0
minic-optimized,bitset,1,17183222391966980974,live_bytes,0,0,0
minic-optimized,bitset,1,17183222391966980974,value_ctor,0,0,0
minic-optimized,bitset,1,17183222391966980974,move_ctor,0,0,0
minic-optimized,bitset,1,17183222391966980974,copy_assign,0,0,0
minic-optimized,bitset,1,17183222391966980974,destroyed,0,0,0
minic-optimized,bitset,1,17183222391966980974,copy_ctor,0,0,0
minic-optimized,bitset,1,17183222391966980974,frees,0,0,0
minic-optimized,bitset,1,17183222391966980974,peak_bytes,0,0,0
minic-optimized,bitset,1,17183222391966980974,allocations,0,0,0
minic-optimized,bitset,1,17183222391966980974,comparisons,0,0,0
minic-optimized,string-short,0,13028320150223717531,allocated_bytes,8320,496,-7824
minic-optimized,string-short,0,13028320150223717531,live,0,0,0
minic-optimized,string-short,0,13028320150223717531,peak_live,0,0,0
minic-optimized,string-short,0,13028320150223717531,move_assign,0,0,0
minic-optimized,string-short,0,13028320150223717531,freed_bytes,8320,496,-7824
minic-optimized,string-short,0,13028320150223717531,live_bytes,0,0,0
minic-optimized,string-short,0,13028320150223717531,value_ctor,0,0,0
minic-optimized,string-short,0,13028320150223717531,move_ctor,0,0,0
minic-optimized,string-short,0,13028320150223717531,copy_assign,0,0,0
minic-optimized,string-short,0,13028320150223717531,destroyed,0,0,0
minic-optimized,string-short,0,13028320150223717531,copy_ctor,0,0,0
minic-optimized,string-short,0,13028320150223717531,frees,744,16,-728
minic-optimized,string-short,0,13028320150223717531,peak_bytes,94,62,-32
minic-optimized,string-short,0,13028320150223717531,allocations,744,16,-728
minic-optimized,string-short,0,13028320150223717531,comparisons,0,0,0
minic-optimized,string-short,1,15124631294888305325,allocated_bytes,8320,496,-7824
minic-optimized,string-short,1,15124631294888305325,live,0,0,0
minic-optimized,string-short,1,15124631294888305325,peak_live,0,0,0
minic-optimized,string-short,1,15124631294888305325,move_assign,0,0,0
minic-optimized,string-short,1,15124631294888305325,freed_bytes,8320,496,-7824
minic-optimized,string-short,1,15124631294888305325,live_bytes,0,0,0
minic-optimized,string-short,1,15124631294888305325,value_ctor,0,0,0
minic-optimized,string-short,1,15124631294888305325,move_ctor,0,0,0
minic-optimized,string-short,1,15124631294888305325,copy_assign,0,0,0
minic-optimized,string-short,1,15124631294888305325,destroyed,0,0,0
minic-optimized,string-short,1,15124631294888305325,copy_ctor,0,0,0
minic-optimized,string-short,1,15124631294888305325,frees,744,16,-728
minic-optimized,string-short,1,15124631294888305325,peak_bytes,94,62,-32
minic-optimized,string-short,1,15124631294888305325,allocations,744,16,-728
minic-optimized,string-short,1,15124631294888305325,comparisons,0,0,0
minic-optimized,bitset-count,0,11516146309360591764,allocated_bytes,0,0,0
minic-optimized,bitset-count,0,11516146309360591764,live,0,0,0
minic-optimized,bitset-count,0,11516146309360591764,peak_live,0,0,0
minic-optimized,bitset-count,0,11516146309360591764,move_assign,0,0,0
minic-optimized,bitset-count,0,11516146309360591764,freed_bytes,0,0,0
minic-optimized,bitset-count,0,11516146309360591764,live_bytes,0,0,0
minic-optimized,bitset-count,0,11516146309360591764,value_ctor,0,0,0
minic-optimized,bitset-count,0,11516146309360591764,move_ctor,0,0,0
minic-optimized,bitset-count,0,11516146309360591764,copy_assign,0,0,0
minic-optimized,bitset-count,0,11516146309360591764,destroyed,0,0,0
minic-optimized,bitset-count,0,11516146309360591764,copy_ctor,0,0,0
minic-optimized,bitset-count,0,11516146309360591764,frees,0,0,0
minic-optimized,bitset-count,0,11516146309360591764,peak_bytes,0,0,0
minic-optimized,bitset-count,0,11516146309360591764,allocations,0,0,0
minic-optimized,bitset-count,0,11516146309360591764,comparisons,0,0,0
minic-optimized,bitset-count,1,2445875826056563149,allocated_bytes,0,0,0
minic-optimized,bitset-count,1,2445875826056563149,live,0,0,0
minic-optimized,bitset-count,1,2445875826056563149,peak_live,0,0,0
minic-optimized,bitset-count,1,2445875826056563149,move_assign,0,0,0
minic-optimized,bitset-count,1,2445875826056563149,freed_bytes,0,0,0
minic-optimized,bitset-count,1,2445875826056563149,live_bytes,0,0,0
minic-optimized,bitset-count,1,2445875826056563149,value_ctor,0,0,0
minic-optimized,bitset-count,1,2445875826056563149,move_ctor,0,0,0
minic-optimized,bitset-count,1,2445875826056563149,copy_assign,0,0,0
minic-optimized,bitset-count,1,2445875826056563149,destroyed,0,0,0
minic-optimized,bitset-count,1,2445875826056563149,copy_ctor,0,0,0
minic-optimized,bitset-count,1,2445875826056563149,frees,0,0,0
minic-optimized,bitset-count,1,2445875826056563149,peak_bytes,0,0,0
minic-optimized,bitset-count,1,2445875826056563149,allocations,0,0,0
minic-optimized,bitset-count,1,2445875826056563149,comparisons,0,0,0
minic-optimized,bitset-count-sparse,0,3784589404002651322,peak_live,0,0,0
minic-optimized,bitset-count-sparse,0,3784589404002651322,live_bytes,0,0,0
minic-optimized,bitset-count-sparse,0,3784589404002651322,frees,0,0,0
minic-optimized,bitset-count-sparse,0,3784589404002651322,live,0,0,0
minic-optimized,bitset-count-sparse,0,3784589404002651322,move_assign,0,0,0
minic-optimized,bitset-count-sparse,0,3784589404002651322,move_ctor,0,0,0
minic-optimized,bitset-count-sparse,0,3784589404002651322,copy_assign,0,0,0
minic-optimized,bitset-count-sparse,0,3784589404002651322,freed_bytes,0,0,0
minic-optimized,bitset-count-sparse,0,3784589404002651322,value_ctor,0,0,0
minic-optimized,bitset-count-sparse,0,3784589404002651322,count_total,4156,4156,0
minic-optimized,bitset-count-sparse,0,3784589404002651322,allocations,0,0,0
minic-optimized,bitset-count-sparse,0,3784589404002651322,comparisons,0,0,0
minic-optimized,bitset-count-sparse,0,3784589404002651322,bit_mutations,256,256,0
minic-optimized,bitset-count-sparse,0,3784589404002651322,allocated_bytes,0,0,0
minic-optimized,bitset-count-sparse,0,3784589404002651322,copy_ctor,0,0,0
minic-optimized,bitset-count-sparse,0,3784589404002651322,peak_bytes,0,0,0
minic-optimized,bitset-count-sparse,0,3784589404002651322,count_calls,256,256,0
minic-optimized,bitset-count-sparse,0,3784589404002651322,destroyed,0,0,0
minic-optimized,bitset-count-sparse,1,16090885783204104021,peak_live,0,0,0
minic-optimized,bitset-count-sparse,1,16090885783204104021,live_bytes,0,0,0
minic-optimized,bitset-count-sparse,1,16090885783204104021,frees,0,0,0
minic-optimized,bitset-count-sparse,1,16090885783204104021,live,0,0,0
minic-optimized,bitset-count-sparse,1,16090885783204104021,move_assign,0,0,0
minic-optimized,bitset-count-sparse,1,16090885783204104021,move_ctor,0,0,0
minic-optimized,bitset-count-sparse,1,16090885783204104021,copy_assign,0,0,0
minic-optimized,bitset-count-sparse,1,16090885783204104021,freed_bytes,0,0,0
minic-optimized,bitset-count-sparse,1,16090885783204104021,value_ctor,0,0,0
minic-optimized,bitset-count-sparse,1,16090885783204104021,count_total,4158,4158,0
minic-optimized,bitset-count-sparse,1,16090885783204104021,allocations,0,0,0
minic-optimized,bitset-count-sparse,1,16090885783204104021,comparisons,0,0,0
minic-optimized,bitset-count-sparse,1,16090885783204104021,bit_mutations,256,256,0
minic-optimized,bitset-count-sparse,1,16090885783204104021,allocated_bytes,0,0,0
minic-optimized,bitset-count-sparse,1,16090885783204104021,copy_ctor,0,0,0
minic-optimized,bitset-count-sparse,1,16090885783204104021,peak_bytes,0,0,0
minic-optimized,bitset-count-sparse,1,16090885783204104021,count_calls,256,256,0
minic-optimized,bitset-count-sparse,1,16090885783204104021,destroyed,0,0,0
minic-optimized,bitset-count-dense,0,15077712790814499522,peak_live,0,0,0
minic-optimized,bitset-count-dense,0,15077712790814499522,live_bytes,0,0,0
minic-optimized,bitset-count-dense,0,15077712790814499522,frees,0,0,0
minic-optimized,bitset-count-dense,0,15077712790814499522,live,0,0,0
minic-optimized,bitset-count-dense,0,15077712790814499522,move_assign,0,0,0
minic-optimized,bitset-count-dense,0,15077712790814499522,move_ctor,0,0,0
minic-optimized,bitset-count-dense,0,15077712790814499522,copy_assign,0,0,0
minic-optimized,bitset-count-dense,0,15077712790814499522,freed_bytes,0,0,0
minic-optimized,bitset-count-dense,0,15077712790814499522,value_ctor,0,0,0
minic-optimized,bitset-count-dense,0,15077712790814499522,count_total,257988,257988,0
minic-optimized,bitset-count-dense,0,15077712790814499522,allocations,0,0,0
minic-optimized,bitset-count-dense,0,15077712790814499522,comparisons,0,0,0
minic-optimized,bitset-count-dense,0,15077712790814499522,bit_mutations,256,256,0
minic-optimized,bitset-count-dense,0,15077712790814499522,allocated_bytes,0,0,0
minic-optimized,bitset-count-dense,0,15077712790814499522,copy_ctor,0,0,0
minic-optimized,bitset-count-dense,0,15077712790814499522,peak_bytes,0,0,0
minic-optimized,bitset-count-dense,0,15077712790814499522,count_calls,256,256,0
minic-optimized,bitset-count-dense,0,15077712790814499522,destroyed,0,0,0
minic-optimized,bitset-count-dense,1,17328273090332752061,peak_live,0,0,0
minic-optimized,bitset-count-dense,1,17328273090332752061,live_bytes,0,0,0
minic-optimized,bitset-count-dense,1,17328273090332752061,frees,0,0,0
minic-optimized,bitset-count-dense,1,17328273090332752061,live,0,0,0
minic-optimized,bitset-count-dense,1,17328273090332752061,move_assign,0,0,0
minic-optimized,bitset-count-dense,1,17328273090332752061,move_ctor,0,0,0
minic-optimized,bitset-count-dense,1,17328273090332752061,copy_assign,0,0,0
minic-optimized,bitset-count-dense,1,17328273090332752061,freed_bytes,0,0,0
minic-optimized,bitset-count-dense,1,17328273090332752061,value_ctor,0,0,0
minic-optimized,bitset-count-dense,1,17328273090332752061,count_total,257986,257986,0
minic-optimized,bitset-count-dense,1,17328273090332752061,allocations,0,0,0
minic-optimized,bitset-count-dense,1,17328273090332752061,comparisons,0,0,0
minic-optimized,bitset-count-dense,1,17328273090332752061,bit_mutations,256,256,0
minic-optimized,bitset-count-dense,1,17328273090332752061,allocated_bytes,0,0,0
minic-optimized,bitset-count-dense,1,17328273090332752061,copy_ctor,0,0,0
minic-optimized,bitset-count-dense,1,17328273090332752061,peak_bytes,0,0,0
minic-optimized,bitset-count-dense,1,17328273090332752061,count_calls,256,256,0
minic-optimized,bitset-count-dense,1,17328273090332752061,destroyed,0,0,0
gxx-own,vector-sort,0,550032347410528510,allocated_bytes,1020,1020,0
gxx-own,vector-sort,0,550032347410528510,live,0,0,0
gxx-own,vector-sort,0,550032347410528510,peak_live,130,130,0
gxx-own,vector-sort,0,550032347410528510,move_assign,807,807,0
gxx-own,vector-sort,0,550032347410528510,freed_bytes,1020,1020,0
gxx-own,vector-sort,0,550032347410528510,live_bytes,0,0,0
gxx-own,vector-sort,0,550032347410528510,value_ctor,128,128,0
gxx-own,vector-sort,0,550032347410528510,move_ctor,546,546,0
gxx-own,vector-sort,0,550032347410528510,copy_assign,0,0,0
gxx-own,vector-sort,0,550032347410528510,destroyed,674,674,0
gxx-own,vector-sort,0,550032347410528510,copy_ctor,0,0,0
gxx-own,vector-sort,0,550032347410528510,frees,8,8,0
gxx-own,vector-sort,0,550032347410528510,peak_bytes,768,768,0
gxx-own,vector-sort,0,550032347410528510,allocations,8,8,0
gxx-own,vector-sort,0,550032347410528510,comparisons,1006,1006,0
gxx-own,vector-sort,1,9223030241767564344,allocated_bytes,1020,1020,0
gxx-own,vector-sort,1,9223030241767564344,live,0,0,0
gxx-own,vector-sort,1,9223030241767564344,peak_live,130,130,0
gxx-own,vector-sort,1,9223030241767564344,move_assign,908,908,0
gxx-own,vector-sort,1,9223030241767564344,freed_bytes,1020,1020,0
gxx-own,vector-sort,1,9223030241767564344,live_bytes,0,0,0
gxx-own,vector-sort,1,9223030241767564344,value_ctor,128,128,0
gxx-own,vector-sort,1,9223030241767564344,move_ctor,609,609,0
gxx-own,vector-sort,1,9223030241767564344,copy_assign,0,0,0
gxx-own,vector-sort,1,9223030241767564344,destroyed,737,737,0
gxx-own,vector-sort,1,9223030241767564344,copy_ctor,0,0,0
gxx-own,vector-sort,1,9223030241767564344,frees,8,8,0
gxx-own,vector-sort,1,9223030241767564344,peak_bytes,768,768,0
gxx-own,vector-sort,1,9223030241767564344,allocations,8,8,0
gxx-own,vector-sort,1,9223030241767564344,comparisons,891,891,0
gxx-own,binary-search,0,8072944771722102906,allocated_bytes,1020,1020,0
gxx-own,binary-search,0,8072944771722102906,live,0,0,0
gxx-own,binary-search,0,8072944771722102906,peak_live,130,130,0
gxx-own,binary-search,0,8072944771722102906,move_assign,807,807,0
gxx-own,binary-search,0,8072944771722102906,freed_bytes,1020,1020,0
gxx-own,binary-search,0,8072944771722102906,live_bytes,0,0,0
gxx-own,binary-search,0,8072944771722102906,value_ctor,256,256,0
gxx-own,binary-search,0,8072944771722102906,move_ctor,546,546,0
gxx-own,binary-search,0,8072944771722102906,copy_assign,0,0,0
gxx-own,binary-search,0,8072944771722102906,destroyed,802,802,0
gxx-own,binary-search,0,8072944771722102906,copy_ctor,0,0,0
gxx-own,binary-search,0,8072944771722102906,frees,8,8,0
gxx-own,binary-search,0,8072944771722102906,peak_bytes,768,768,0
gxx-own,binary-search,0,8072944771722102906,allocations,8,8,0
gxx-own,binary-search,0,8072944771722102906,comparisons,1903,1903,0
gxx-own,binary-search,1,2191801933544553441,allocated_bytes,1020,1020,0
gxx-own,binary-search,1,2191801933544553441,live,0,0,0
gxx-own,binary-search,1,2191801933544553441,peak_live,130,130,0
gxx-own,binary-search,1,2191801933544553441,move_assign,908,908,0
gxx-own,binary-search,1,2191801933544553441,freed_bytes,1020,1020,0
gxx-own,binary-search,1,2191801933544553441,live_bytes,0,0,0
gxx-own,binary-search,1,2191801933544553441,value_ctor,256,256,0
gxx-own,binary-search,1,2191801933544553441,move_ctor,609,609,0
gxx-own,binary-search,1,2191801933544553441,copy_assign,0,0,0
gxx-own,binary-search,1,2191801933544553441,destroyed,865,865,0
gxx-own,binary-search,1,2191801933544553441,copy_ctor,0,0,0
gxx-own,binary-search,1,2191801933544553441,frees,8,8,0
gxx-own,binary-search,1,2191801933544553441,peak_bytes,768,768,0
gxx-own,binary-search,1,2191801933544553441,allocations,8,8,0
gxx-own,binary-search,1,2191801933544553441,comparisons,1788,1788,0
gxx-own,priority-queue,0,17829704849614537984,allocated_bytes,1020,1020,0
gxx-own,priority-queue,0,17829704849614537984,live,0,0,0
gxx-own,priority-queue,0,17829704849614537984,peak_live,130,130,0
gxx-own,priority-queue,0,17829704849614537984,move_assign,1203,1203,0
gxx-own,priority-queue,0,17829704849614537984,freed_bytes,1020,1020,0
gxx-own,priority-queue,0,17829704849614537984,live_bytes,0,0,0
gxx-own,priority-queue,0,17829704849614537984,value_ctor,128,128,0
gxx-own,priority-queue,0,17829704849614537984,move_ctor,636,636,0
gxx-own,priority-queue,0,17829704849614537984,copy_assign,0,0,0
gxx-own,priority-queue,0,17829704849614537984,destroyed,764,764,0
gxx-own,priority-queue,0,17829704849614537984,copy_ctor,0,0,0
gxx-own,priority-queue,0,17829704849614537984,frees,8,8,0
gxx-own,priority-queue,0,17829704849614537984,peak_bytes,768,768,0
gxx-own,priority-queue,0,17829704849614537984,allocations,8,8,0
gxx-own,priority-queue,0,17829704849614537984,comparisons,1423,1423,0
gxx-own,priority-queue,1,8664986764619918386,allocated_bytes,1020,1020,0
gxx-own,priority-queue,1,8664986764619918386,live,0,0,0
gxx-own,priority-queue,1,8664986764619918386,peak_live,130,130,0
gxx-own,priority-queue,1,8664986764619918386,move_assign,1251,1251,0
gxx-own,priority-queue,1,8664986764619918386,freed_bytes,1020,1020,0
gxx-own,priority-queue,1,8664986764619918386,live_bytes,0,0,0
gxx-own,priority-queue,1,8664986764619918386,value_ctor,128,128,0
gxx-own,priority-queue,1,8664986764619918386,move_ctor,636,636,0
gxx-own,priority-queue,1,8664986764619918386,copy_assign,0,0,0
gxx-own,priority-queue,1,8664986764619918386,destroyed,764,764,0
gxx-own,priority-queue,1,8664986764619918386,copy_ctor,0,0,0
gxx-own,priority-queue,1,8664986764619918386,frees,8,8,0
gxx-own,priority-queue,1,8664986764619918386,peak_bytes,768,768,0
gxx-own,priority-queue,1,8664986764619918386,allocations,8,8,0
gxx-own,priority-queue,1,8664986764619918386,comparisons,1465,1465,0
gxx-own,ordered-map,0,1681045660153100735,allocated_bytes,2320,2320,0
gxx-own,ordered-map,0,1681045660153100735,live,0,0,0
gxx-own,ordered-map,0,1681045660153100735,peak_live,59,59,0
gxx-own,ordered-map,0,1681045660153100735,move_assign,128,128,0
gxx-own,ordered-map,0,1681045660153100735,freed_bytes,2320,2320,0
gxx-own,ordered-map,0,1681045660153100735,live_bytes,0,0,0
gxx-own,ordered-map,0,1681045660153100735,value_ctor,186,186,0
gxx-own,ordered-map,0,1681045660153100735,move_ctor,0,0,0
gxx-own,ordered-map,0,1681045660153100735,copy_assign,0,0,0
gxx-own,ordered-map,0,1681045660153100735,destroyed,186,186,0
gxx-own,ordered-map,0,1681045660153100735,copy_ctor,0,0,0
gxx-own,ordered-map,0,1681045660153100735,frees,58,58,0
gxx-own,ordered-map,0,1681045660153100735,peak_bytes,2320,2320,0
gxx-own,ordered-map,0,1681045660153100735,allocations,58,58,0
gxx-own,ordered-map,0,1681045660153100735,comparisons,1531,1531,0
gxx-own,ordered-map,1,9387615893937003096,allocated_bytes,2320,2320,0
gxx-own,ordered-map,1,9387615893937003096,live,0,0,0
gxx-own,ordered-map,1,9387615893937003096,peak_live,59,59,0
gxx-own,ordered-map,1,9387615893937003096,move_assign,128,128,0
gxx-own,ordered-map,1,9387615893937003096,freed_bytes,2320,2320,0
gxx-own,ordered-map,1,9387615893937003096,live_bytes,0,0,0
gxx-own,ordered-map,1,9387615893937003096,value_ctor,186,186,0
gxx-own,ordered-map,1,9387615893937003096,move_ctor,0,0,0
gxx-own,ordered-map,1,9387615893937003096,copy_assign,0,0,0
gxx-own,ordered-map,1,9387615893937003096,destroyed,186,186,0
gxx-own,ordered-map,1,9387615893937003096,copy_ctor,0,0,0
gxx-own,ordered-map,1,9387615893937003096,frees,58,58,0
gxx-own,ordered-map,1,9387615893937003096,peak_bytes,2320,2320,0
gxx-own,ordered-map,1,9387615893937003096,allocations,58,58,0
gxx-own,ordered-map,1,9387615893937003096,comparisons,1564,1564,0
gxx-own,deque,0,7296552367775480883,allocated_bytes,576,576,0
gxx-own,deque,0,7296552367775480883,live,0,0,0
gxx-own,deque,0,7296552367775480883,peak_live,129,129,0
gxx-own,deque,0,7296552367775480883,move_assign,0,0,0
gxx-own,deque,0,7296552367775480883,freed_bytes,576,576,0
gxx-own,deque,0,7296552367775480883,live_bytes,0,0,0
gxx-own,deque,0,7296552367775480883,value_ctor,128,128,0
gxx-own,deque,0,7296552367775480883,move_ctor,128,128,0
gxx-own,deque,0,7296552367775480883,copy_assign,0,0,0
gxx-own,deque,0,7296552367775480883,destroyed,256,256,0
gxx-own,deque,0,7296552367775480883,copy_ctor,0,0,0
gxx-own,deque,0,7296552367775480883,frees,2,2,0
gxx-own,deque,0,7296552367775480883,peak_bytes,576,576,0
gxx-own,deque,0,7296552367775480883,allocations,2,2,0
gxx-own,deque,0,7296552367775480883,comparisons,0,0,0
gxx-own,deque,1,13289549565522594821,allocated_bytes,576,576,0
gxx-own,deque,1,13289549565522594821,live,0,0,0
gxx-own,deque,1,13289549565522594821,peak_live,129,129,0
gxx-own,deque,1,13289549565522594821,move_assign,0,0,0
gxx-own,deque,1,13289549565522594821,freed_bytes,576,576,0
gxx-own,deque,1,13289549565522594821,live_bytes,0,0,0
gxx-own,deque,1,13289549565522594821,value_ctor,128,128,0
gxx-own,deque,1,13289549565522594821,move_ctor,128,128,0
gxx-own,deque,1,13289549565522594821,copy_assign,0,0,0
gxx-own,deque,1,13289549565522594821,destroyed,256,256,0
gxx-own,deque,1,13289549565522594821,copy_ctor,0,0,0
gxx-own,deque,1,13289549565522594821,frees,2,2,0
gxx-own,deque,1,13289549565522594821,peak_bytes,576,576,0
gxx-own,deque,1,13289549565522594821,allocations,2,2,0
gxx-own,deque,1,13289549565522594821,comparisons,0,0,0
gxx-own,string,0,10145041132607666182,allocated_bytes,524,454,-70
gxx-own,string,0,10145041132607666182,live,0,0,0
gxx-own,string,0,10145041132607666182,peak_live,0,0,0
gxx-own,string,0,10145041132607666182,move_assign,0,0,0
gxx-own,string,0,10145041132607666182,freed_bytes,524,454,-70
gxx-own,string,0,10145041132607666182,live_bytes,0,0,0
gxx-own,string,0,10145041132607666182,value_ctor,0,0,0
gxx-own,string,0,10145041132607666182,move_ctor,0,0,0
gxx-own,string,0,10145041132607666182,copy_assign,0,0,0
gxx-own,string,0,10145041132607666182,destroyed,0,0,0
gxx-own,string,0,10145041132607666182,copy_ctor,0,0,0
gxx-own,string,0,10145041132607666182,frees,10,4,-6
gxx-own,string,0,10145041132607666182,peak_bytes,390,362,-28
gxx-own,string,0,10145041132607666182,allocations,10,4,-6
gxx-own,string,0,10145041132607666182,comparisons,0,0,0
gxx-own,string,1,4726940784443205537,allocated_bytes,524,454,-70
gxx-own,string,1,4726940784443205537,live,0,0,0
gxx-own,string,1,4726940784443205537,peak_live,0,0,0
gxx-own,string,1,4726940784443205537,move_assign,0,0,0
gxx-own,string,1,4726940784443205537,freed_bytes,524,454,-70
gxx-own,string,1,4726940784443205537,live_bytes,0,0,0
gxx-own,string,1,4726940784443205537,value_ctor,0,0,0
gxx-own,string,1,4726940784443205537,move_ctor,0,0,0
gxx-own,string,1,4726940784443205537,copy_assign,0,0,0
gxx-own,string,1,4726940784443205537,destroyed,0,0,0
gxx-own,string,1,4726940784443205537,copy_ctor,0,0,0
gxx-own,string,1,4726940784443205537,frees,10,4,-6
gxx-own,string,1,4726940784443205537,peak_bytes,390,362,-28
gxx-own,string,1,4726940784443205537,allocations,10,4,-6
gxx-own,string,1,4726940784443205537,comparisons,0,0,0
gxx-own,bitset,0,1832741439190612588,allocated_bytes,0,0,0
gxx-own,bitset,0,1832741439190612588,live,0,0,0
gxx-own,bitset,0,1832741439190612588,peak_live,0,0,0
gxx-own,bitset,0,1832741439190612588,move_assign,0,0,0
gxx-own,bitset,0,1832741439190612588,freed_bytes,0,0,0
gxx-own,bitset,0,1832741439190612588,live_bytes,0,0,0
gxx-own,bitset,0,1832741439190612588,value_ctor,0,0,0
gxx-own,bitset,0,1832741439190612588,move_ctor,0,0,0
gxx-own,bitset,0,1832741439190612588,copy_assign,0,0,0
gxx-own,bitset,0,1832741439190612588,destroyed,0,0,0
gxx-own,bitset,0,1832741439190612588,copy_ctor,0,0,0
gxx-own,bitset,0,1832741439190612588,frees,0,0,0
gxx-own,bitset,0,1832741439190612588,peak_bytes,0,0,0
gxx-own,bitset,0,1832741439190612588,allocations,0,0,0
gxx-own,bitset,0,1832741439190612588,comparisons,0,0,0
gxx-own,bitset,1,17183222391966980974,allocated_bytes,0,0,0
gxx-own,bitset,1,17183222391966980974,live,0,0,0
gxx-own,bitset,1,17183222391966980974,peak_live,0,0,0
gxx-own,bitset,1,17183222391966980974,move_assign,0,0,0
gxx-own,bitset,1,17183222391966980974,freed_bytes,0,0,0
gxx-own,bitset,1,17183222391966980974,live_bytes,0,0,0
gxx-own,bitset,1,17183222391966980974,value_ctor,0,0,0
gxx-own,bitset,1,17183222391966980974,move_ctor,0,0,0
gxx-own,bitset,1,17183222391966980974,copy_assign,0,0,0
gxx-own,bitset,1,17183222391966980974,destroyed,0,0,0
gxx-own,bitset,1,17183222391966980974,copy_ctor,0,0,0
gxx-own,bitset,1,17183222391966980974,frees,0,0,0
gxx-own,bitset,1,17183222391966980974,peak_bytes,0,0,0
gxx-own,bitset,1,17183222391966980974,allocations,0,0,0
gxx-own,bitset,1,17183222391966980974,comparisons,0,0,0
gxx-own,string-short,0,13028320150223717531,allocated_bytes,8320,496,-7824
gxx-own,string-short,0,13028320150223717531,live,0,0,0
gxx-own,string-short,0,13028320150223717531,peak_live,0,0,0
gxx-own,string-short,0,13028320150223717531,move_assign,0,0,0
gxx-own,string-short,0,13028320150223717531,freed_bytes,8320,496,-7824
gxx-own,string-short,0,13028320150223717531,live_bytes,0,0,0
gxx-own,string-short,0,13028320150223717531,value_ctor,0,0,0
gxx-own,string-short,0,13028320150223717531,move_ctor,0,0,0
gxx-own,string-short,0,13028320150223717531,copy_assign,0,0,0
gxx-own,string-short,0,13028320150223717531,destroyed,0,0,0
gxx-own,string-short,0,13028320150223717531,copy_ctor,0,0,0
gxx-own,string-short,0,13028320150223717531,frees,744,16,-728
gxx-own,string-short,0,13028320150223717531,peak_bytes,94,62,-32
gxx-own,string-short,0,13028320150223717531,allocations,744,16,-728
gxx-own,string-short,0,13028320150223717531,comparisons,0,0,0
gxx-own,string-short,1,15124631294888305325,allocated_bytes,8320,496,-7824
gxx-own,string-short,1,15124631294888305325,live,0,0,0
gxx-own,string-short,1,15124631294888305325,peak_live,0,0,0
gxx-own,string-short,1,15124631294888305325,move_assign,0,0,0
gxx-own,string-short,1,15124631294888305325,freed_bytes,8320,496,-7824
gxx-own,string-short,1,15124631294888305325,live_bytes,0,0,0
gxx-own,string-short,1,15124631294888305325,value_ctor,0,0,0
gxx-own,string-short,1,15124631294888305325,move_ctor,0,0,0
gxx-own,string-short,1,15124631294888305325,copy_assign,0,0,0
gxx-own,string-short,1,15124631294888305325,destroyed,0,0,0
gxx-own,string-short,1,15124631294888305325,copy_ctor,0,0,0
gxx-own,string-short,1,15124631294888305325,frees,744,16,-728
gxx-own,string-short,1,15124631294888305325,peak_bytes,94,62,-32
gxx-own,string-short,1,15124631294888305325,allocations,744,16,-728
gxx-own,string-short,1,15124631294888305325,comparisons,0,0,0
gxx-own,bitset-count,0,11516146309360591764,allocated_bytes,0,0,0
gxx-own,bitset-count,0,11516146309360591764,live,0,0,0
gxx-own,bitset-count,0,11516146309360591764,peak_live,0,0,0
gxx-own,bitset-count,0,11516146309360591764,move_assign,0,0,0
gxx-own,bitset-count,0,11516146309360591764,freed_bytes,0,0,0
gxx-own,bitset-count,0,11516146309360591764,live_bytes,0,0,0
gxx-own,bitset-count,0,11516146309360591764,value_ctor,0,0,0
gxx-own,bitset-count,0,11516146309360591764,move_ctor,0,0,0
gxx-own,bitset-count,0,11516146309360591764,copy_assign,0,0,0
gxx-own,bitset-count,0,11516146309360591764,destroyed,0,0,0
gxx-own,bitset-count,0,11516146309360591764,copy_ctor,0,0,0
gxx-own,bitset-count,0,11516146309360591764,frees,0,0,0
gxx-own,bitset-count,0,11516146309360591764,peak_bytes,0,0,0
gxx-own,bitset-count,0,11516146309360591764,allocations,0,0,0
gxx-own,bitset-count,0,11516146309360591764,comparisons,0,0,0
gxx-own,bitset-count,1,2445875826056563149,allocated_bytes,0,0,0
gxx-own,bitset-count,1,2445875826056563149,live,0,0,0
gxx-own,bitset-count,1,2445875826056563149,peak_live,0,0,0
gxx-own,bitset-count,1,2445875826056563149,move_assign,0,0,0
gxx-own,bitset-count,1,2445875826056563149,freed_bytes,0,0,0
gxx-own,bitset-count,1,2445875826056563149,live_bytes,0,0,0
gxx-own,bitset-count,1,2445875826056563149,value_ctor,0,0,0
gxx-own,bitset-count,1,2445875826056563149,move_ctor,0,0,0
gxx-own,bitset-count,1,2445875826056563149,copy_assign,0,0,0
gxx-own,bitset-count,1,2445875826056563149,destroyed,0,0,0
gxx-own,bitset-count,1,2445875826056563149,copy_ctor,0,0,0
gxx-own,bitset-count,1,2445875826056563149,frees,0,0,0
gxx-own,bitset-count,1,2445875826056563149,peak_bytes,0,0,0
gxx-own,bitset-count,1,2445875826056563149,allocations,0,0,0
gxx-own,bitset-count,1,2445875826056563149,comparisons,0,0,0
gxx-own,bitset-count-sparse,0,3784589404002651322,peak_live,0,0,0
gxx-own,bitset-count-sparse,0,3784589404002651322,live_bytes,0,0,0
gxx-own,bitset-count-sparse,0,3784589404002651322,frees,0,0,0
gxx-own,bitset-count-sparse,0,3784589404002651322,live,0,0,0
gxx-own,bitset-count-sparse,0,3784589404002651322,move_assign,0,0,0
gxx-own,bitset-count-sparse,0,3784589404002651322,move_ctor,0,0,0
gxx-own,bitset-count-sparse,0,3784589404002651322,copy_assign,0,0,0
gxx-own,bitset-count-sparse,0,3784589404002651322,freed_bytes,0,0,0
gxx-own,bitset-count-sparse,0,3784589404002651322,value_ctor,0,0,0
gxx-own,bitset-count-sparse,0,3784589404002651322,count_total,4156,4156,0
gxx-own,bitset-count-sparse,0,3784589404002651322,allocations,0,0,0
gxx-own,bitset-count-sparse,0,3784589404002651322,comparisons,0,0,0
gxx-own,bitset-count-sparse,0,3784589404002651322,bit_mutations,256,256,0
gxx-own,bitset-count-sparse,0,3784589404002651322,allocated_bytes,0,0,0
gxx-own,bitset-count-sparse,0,3784589404002651322,copy_ctor,0,0,0
gxx-own,bitset-count-sparse,0,3784589404002651322,peak_bytes,0,0,0
gxx-own,bitset-count-sparse,0,3784589404002651322,count_calls,256,256,0
gxx-own,bitset-count-sparse,0,3784589404002651322,destroyed,0,0,0
gxx-own,bitset-count-sparse,1,16090885783204104021,peak_live,0,0,0
gxx-own,bitset-count-sparse,1,16090885783204104021,live_bytes,0,0,0
gxx-own,bitset-count-sparse,1,16090885783204104021,frees,0,0,0
gxx-own,bitset-count-sparse,1,16090885783204104021,live,0,0,0
gxx-own,bitset-count-sparse,1,16090885783204104021,move_assign,0,0,0
gxx-own,bitset-count-sparse,1,16090885783204104021,move_ctor,0,0,0
gxx-own,bitset-count-sparse,1,16090885783204104021,copy_assign,0,0,0
gxx-own,bitset-count-sparse,1,16090885783204104021,freed_bytes,0,0,0
gxx-own,bitset-count-sparse,1,16090885783204104021,value_ctor,0,0,0
gxx-own,bitset-count-sparse,1,16090885783204104021,count_total,4158,4158,0
gxx-own,bitset-count-sparse,1,16090885783204104021,allocations,0,0,0
gxx-own,bitset-count-sparse,1,16090885783204104021,comparisons,0,0,0
gxx-own,bitset-count-sparse,1,16090885783204104021,bit_mutations,256,256,0
gxx-own,bitset-count-sparse,1,16090885783204104021,allocated_bytes,0,0,0
gxx-own,bitset-count-sparse,1,16090885783204104021,copy_ctor,0,0,0
gxx-own,bitset-count-sparse,1,16090885783204104021,peak_bytes,0,0,0
gxx-own,bitset-count-sparse,1,16090885783204104021,count_calls,256,256,0
gxx-own,bitset-count-sparse,1,16090885783204104021,destroyed,0,0,0
gxx-own,bitset-count-dense,0,15077712790814499522,peak_live,0,0,0
gxx-own,bitset-count-dense,0,15077712790814499522,live_bytes,0,0,0
gxx-own,bitset-count-dense,0,15077712790814499522,frees,0,0,0
gxx-own,bitset-count-dense,0,15077712790814499522,live,0,0,0
gxx-own,bitset-count-dense,0,15077712790814499522,move_assign,0,0,0
gxx-own,bitset-count-dense,0,15077712790814499522,move_ctor,0,0,0
gxx-own,bitset-count-dense,0,15077712790814499522,copy_assign,0,0,0
gxx-own,bitset-count-dense,0,15077712790814499522,freed_bytes,0,0,0
gxx-own,bitset-count-dense,0,15077712790814499522,value_ctor,0,0,0
gxx-own,bitset-count-dense,0,15077712790814499522,count_total,257988,257988,0
gxx-own,bitset-count-dense,0,15077712790814499522,allocations,0,0,0
gxx-own,bitset-count-dense,0,15077712790814499522,comparisons,0,0,0
gxx-own,bitset-count-dense,0,15077712790814499522,bit_mutations,256,256,0
gxx-own,bitset-count-dense,0,15077712790814499522,allocated_bytes,0,0,0
gxx-own,bitset-count-dense,0,15077712790814499522,copy_ctor,0,0,0
gxx-own,bitset-count-dense,0,15077712790814499522,peak_bytes,0,0,0
gxx-own,bitset-count-dense,0,15077712790814499522,count_calls,256,256,0
gxx-own,bitset-count-dense,0,15077712790814499522,destroyed,0,0,0
gxx-own,bitset-count-dense,1,17328273090332752061,peak_live,0,0,0
gxx-own,bitset-count-dense,1,17328273090332752061,live_bytes,0,0,0
gxx-own,bitset-count-dense,1,17328273090332752061,frees,0,0,0
gxx-own,bitset-count-dense,1,17328273090332752061,live,0,0,0
gxx-own,bitset-count-dense,1,17328273090332752061,move_assign,0,0,0
gxx-own,bitset-count-dense,1,17328273090332752061,move_ctor,0,0,0
gxx-own,bitset-count-dense,1,17328273090332752061,copy_assign,0,0,0
gxx-own,bitset-count-dense,1,17328273090332752061,freed_bytes,0,0,0
gxx-own,bitset-count-dense,1,17328273090332752061,value_ctor,0,0,0
gxx-own,bitset-count-dense,1,17328273090332752061,count_total,257986,257986,0
gxx-own,bitset-count-dense,1,17328273090332752061,allocations,0,0,0
gxx-own,bitset-count-dense,1,17328273090332752061,comparisons,0,0,0
gxx-own,bitset-count-dense,1,17328273090332752061,bit_mutations,256,256,0
gxx-own,bitset-count-dense,1,17328273090332752061,allocated_bytes,0,0,0
gxx-own,bitset-count-dense,1,17328273090332752061,copy_ctor,0,0,0
gxx-own,bitset-count-dense,1,17328273090332752061,peak_bytes,0,0,0
gxx-own,bitset-count-dense,1,17328273090332752061,count_calls,256,256,0
gxx-own,bitset-count-dense,1,17328273090332752061,destroyed,0,0,0
gxx-host,vector-sort,0,550032347410528510,allocated_bytes,1020,1020,0
gxx-host,vector-sort,0,550032347410528510,live,0,0,0
gxx-host,vector-sort,0,550032347410528510,peak_live,130,130,0
gxx-host,vector-sort,0,550032347410528510,move_assign,783,783,0
gxx-host,vector-sort,0,550032347410528510,freed_bytes,1020,1020,0
gxx-host,vector-sort,0,550032347410528510,live_bytes,0,0,0
gxx-host,vector-sort,0,550032347410528510,value_ctor,128,128,0
gxx-host,vector-sort,0,550032347410528510,move_ctor,494,494,0
gxx-host,vector-sort,0,550032347410528510,copy_assign,0,0,0
gxx-host,vector-sort,0,550032347410528510,destroyed,622,622,0
gxx-host,vector-sort,0,550032347410528510,copy_ctor,0,0,0
gxx-host,vector-sort,0,550032347410528510,frees,8,8,0
gxx-host,vector-sort,0,550032347410528510,peak_bytes,768,768,0
gxx-host,vector-sort,0,550032347410528510,allocations,8,8,0
gxx-host,vector-sort,0,550032347410528510,comparisons,1076,1076,0
gxx-host,vector-sort,1,9223030241767564344,allocated_bytes,1020,1020,0
gxx-host,vector-sort,1,9223030241767564344,live,0,0,0
gxx-host,vector-sort,1,9223030241767564344,peak_live,130,130,0
gxx-host,vector-sort,1,9223030241767564344,move_assign,679,679,0
gxx-host,vector-sort,1,9223030241767564344,freed_bytes,1020,1020,0
gxx-host,vector-sort,1,9223030241767564344,live_bytes,0,0,0
gxx-host,vector-sort,1,9223030241767564344,value_ctor,128,128,0
gxx-host,vector-sort,1,9223030241767564344,move_ctor,506,506,0
gxx-host,vector-sort,1,9223030241767564344,copy_assign,0,0,0
gxx-host,vector-sort,1,9223030241767564344,destroyed,634,634,0
gxx-host,vector-sort,1,9223030241767564344,copy_ctor,0,0,0
gxx-host,vector-sort,1,9223030241767564344,frees,8,8,0
gxx-host,vector-sort,1,9223030241767564344,peak_bytes,768,768,0
gxx-host,vector-sort,1,9223030241767564344,allocations,8,8,0
gxx-host,vector-sort,1,9223030241767564344,comparisons,1063,1063,0
gxx-host,binary-search,0,8072944771722102906,allocated_bytes,1020,1020,0
gxx-host,binary-search,0,8072944771722102906,live,0,0,0
gxx-host,binary-search,0,8072944771722102906,peak_live,130,130,0
gxx-host,binary-search,0,8072944771722102906,move_assign,783,783,0
gxx-host,binary-search,0,8072944771722102906,freed_bytes,1020,1020,0
gxx-host,binary-search,0,8072944771722102906,live_bytes,0,0,0
gxx-host,binary-search,0,8072944771722102906,value_ctor,256,256,0
gxx-host,binary-search,0,8072944771722102906,move_ctor,494,494,0
gxx-host,binary-search,0,8072944771722102906,copy_assign,0,0,0
gxx-host,binary-search,0,8072944771722102906,destroyed,750,750,0
gxx-host,binary-search,0,8072944771722102906,copy_ctor,0,0,0
gxx-host,binary-search,0,8072944771722102906,frees,8,8,0
gxx-host,binary-search,0,8072944771722102906,peak_bytes,768,768,0
gxx-host,binary-search,0,8072944771722102906,allocations,8,8,0
gxx-host,binary-search,0,8072944771722102906,comparisons,1973,1973,0
gxx-host,binary-search,1,2191801933544553441,allocated_bytes,1020,1020,0
gxx-host,binary-search,1,2191801933544553441,live,0,0,0
gxx-host,binary-search,1,2191801933544553441,peak_live,130,130,0
gxx-host,binary-search,1,2191801933544553441,move_assign,679,679,0
gxx-host,binary-search,1,2191801933544553441,freed_bytes,1020,1020,0
gxx-host,binary-search,1,2191801933544553441,live_bytes,0,0,0
gxx-host,binary-search,1,2191801933544553441,value_ctor,256,256,0
gxx-host,binary-search,1,2191801933544553441,move_ctor,506,506,0
gxx-host,binary-search,1,2191801933544553441,copy_assign,0,0,0
gxx-host,binary-search,1,2191801933544553441,destroyed,762,762,0
gxx-host,binary-search,1,2191801933544553441,copy_ctor,0,0,0
gxx-host,binary-search,1,2191801933544553441,frees,8,8,0
gxx-host,binary-search,1,2191801933544553441,peak_bytes,768,768,0
gxx-host,binary-search,1,2191801933544553441,allocations,8,8,0
gxx-host,binary-search,1,2191801933544553441,comparisons,1960,1960,0
gxx-host,priority-queue,0,17829704849614537984,allocated_bytes,1020,1020,0
gxx-host,priority-queue,0,17829704849614537984,live,0,0,0
gxx-host,priority-queue,0,17829704849614537984,peak_live,131,131,0
gxx-host,priority-queue,0,17829704849614537984,move_assign,1137,1137,0
gxx-host,priority-queue,0,17829704849614537984,freed_bytes,1020,1020,0
gxx-host,priority-queue,0,17829704849614537984,live_bytes,0,0,0
gxx-host,priority-queue,0,17829704849614537984,value_ctor,128,128,0
gxx-host,priority-queue,0,17829704849614537984,move_ctor,892,892,0
gxx-host,priority-queue,0,17829704849614537984,copy_assign,0,0,0
gxx-host,priority-queue,0,17829704849614537984,destroyed,1020,1020,0
gxx-host,priority-queue,0,17829704849614537984,copy_ctor,0,0,0
gxx-host,priority-queue,0,17829704849614537984,frees,8,8,0
gxx-host,priority-queue,0,17829704849614537984,peak_bytes,768,768,0
gxx-host,priority-queue,0,17829704849614537984,allocations,8,8,0
gxx-host,priority-queue,0,17829704849614537984,comparisons,998,998,0
gxx-host,priority-queue,1,8664986764619918386,allocated_bytes,1020,1020,0
gxx-host,priority-queue,1,8664986764619918386,live,0,0,0
gxx-host,priority-queue,1,8664986764619918386,peak_live,131,131,0
gxx-host,priority-queue,1,8664986764619918386,move_assign,1153,1153,0
gxx-host,priority-queue,1,8664986764619918386,freed_bytes,1020,1020,0
gxx-host,priority-queue,1,8664986764619918386,live_bytes,0,0,0
gxx-host,priority-queue,1,8664986764619918386,value_ctor,128,128,0
gxx-host,priority-queue,1,8664986764619918386,move_ctor,892,892,0
gxx-host,priority-queue,1,8664986764619918386,copy_assign,0,0,0
gxx-host,priority-queue,1,8664986764619918386,destroyed,1020,1020,0
gxx-host,priority-queue,1,8664986764619918386,copy_ctor,0,0,0
gxx-host,priority-queue,1,8664986764619918386,frees,8,8,0
gxx-host,priority-queue,1,8664986764619918386,peak_bytes,768,768,0
gxx-host,priority-queue,1,8664986764619918386,allocations,8,8,0
gxx-host,priority-queue,1,8664986764619918386,comparisons,1014,1014,0
gxx-host,ordered-map,0,1681045660153100735,allocated_bytes,2320,2320,0
gxx-host,ordered-map,0,1681045660153100735,live,0,0,0
gxx-host,ordered-map,0,1681045660153100735,peak_live,59,59,0
gxx-host,ordered-map,0,1681045660153100735,move_assign,128,128,0
gxx-host,ordered-map,0,1681045660153100735,freed_bytes,2320,2320,0
gxx-host,ordered-map,0,1681045660153100735,live_bytes,0,0,0
gxx-host,ordered-map,0,1681045660153100735,value_ctor,186,186,0
gxx-host,ordered-map,0,1681045660153100735,move_ctor,0,0,0
gxx-host,ordered-map,0,1681045660153100735,copy_assign,0,0,0
gxx-host,ordered-map,0,1681045660153100735,destroyed,186,186,0
gxx-host,ordered-map,0,1681045660153100735,copy_ctor,0,0,0
gxx-host,ordered-map,0,1681045660153100735,frees,58,58,0
gxx-host,ordered-map,0,1681045660153100735,peak_bytes,2320,2320,0
gxx-host,ordered-map,0,1681045660153100735,allocations,58,58,0
gxx-host,ordered-map,0,1681045660153100735,comparisons,1210,1210,0
gxx-host,ordered-map,1,9387615893937003096,allocated_bytes,2320,2320,0
gxx-host,ordered-map,1,9387615893937003096,live,0,0,0
gxx-host,ordered-map,1,9387615893937003096,peak_live,59,59,0
gxx-host,ordered-map,1,9387615893937003096,move_assign,128,128,0
gxx-host,ordered-map,1,9387615893937003096,freed_bytes,2320,2320,0
gxx-host,ordered-map,1,9387615893937003096,live_bytes,0,0,0
gxx-host,ordered-map,1,9387615893937003096,value_ctor,186,186,0
gxx-host,ordered-map,1,9387615893937003096,move_ctor,0,0,0
gxx-host,ordered-map,1,9387615893937003096,copy_assign,0,0,0
gxx-host,ordered-map,1,9387615893937003096,destroyed,186,186,0
gxx-host,ordered-map,1,9387615893937003096,copy_ctor,0,0,0
gxx-host,ordered-map,1,9387615893937003096,frees,58,58,0
gxx-host,ordered-map,1,9387615893937003096,peak_bytes,2320,2320,0
gxx-host,ordered-map,1,9387615893937003096,allocations,58,58,0
gxx-host,ordered-map,1,9387615893937003096,comparisons,1198,1198,0
gxx-host,deque,0,7296552367775480883,allocated_bytes,1088,1088,0
gxx-host,deque,0,7296552367775480883,live,0,0,0
gxx-host,deque,0,7296552367775480883,peak_live,129,129,0
gxx-host,deque,0,7296552367775480883,move_assign,0,0,0
gxx-host,deque,0,7296552367775480883,freed_bytes,1088,1088,0
gxx-host,deque,0,7296552367775480883,live_bytes,0,0,0
gxx-host,deque,0,7296552367775480883,value_ctor,128,128,0
gxx-host,deque,0,7296552367775480883,move_ctor,128,128,0
gxx-host,deque,0,7296552367775480883,copy_assign,0,0,0
gxx-host,deque,0,7296552367775480883,destroyed,256,256,0
gxx-host,deque,0,7296552367775480883,copy_ctor,0,0,0
gxx-host,deque,0,7296552367775480883,frees,3,3,0
gxx-host,deque,0,7296552367775480883,peak_bytes,1088,1088,0
gxx-host,deque,0,7296552367775480883,allocations,3,3,0
gxx-host,deque,0,7296552367775480883,comparisons,0,0,0
gxx-host,deque,1,13289549565522594821,allocated_bytes,1088,1088,0
gxx-host,deque,1,13289549565522594821,live,0,0,0
gxx-host,deque,1,13289549565522594821,peak_live,129,129,0
gxx-host,deque,1,13289549565522594821,move_assign,0,0,0
gxx-host,deque,1,13289549565522594821,freed_bytes,1088,1088,0
gxx-host,deque,1,13289549565522594821,live_bytes,0,0,0
gxx-host,deque,1,13289549565522594821,value_ctor,128,128,0
gxx-host,deque,1,13289549565522594821,move_ctor,128,128,0
gxx-host,deque,1,13289549565522594821,copy_assign,0,0,0
gxx-host,deque,1,13289549565522594821,destroyed,256,256,0
gxx-host,deque,1,13289549565522594821,copy_ctor,0,0,0
gxx-host,deque,1,13289549565522594821,frees,3,3,0
gxx-host,deque,1,13289549565522594821,peak_bytes,1088,1088,0
gxx-host,deque,1,13289549565522594821,allocations,3,3,0
gxx-host,deque,1,13289549565522594821,comparisons,0,0,0
gxx-host,string,0,10145041132607666182,allocated_bytes,454,454,0
gxx-host,string,0,10145041132607666182,live,0,0,0
gxx-host,string,0,10145041132607666182,peak_live,0,0,0
gxx-host,string,0,10145041132607666182,move_assign,0,0,0
gxx-host,string,0,10145041132607666182,freed_bytes,454,454,0
gxx-host,string,0,10145041132607666182,live_bytes,0,0,0
gxx-host,string,0,10145041132607666182,value_ctor,0,0,0
gxx-host,string,0,10145041132607666182,move_ctor,0,0,0
gxx-host,string,0,10145041132607666182,copy_assign,0,0,0
gxx-host,string,0,10145041132607666182,destroyed,0,0,0
gxx-host,string,0,10145041132607666182,copy_ctor,0,0,0
gxx-host,string,0,10145041132607666182,frees,4,4,0
gxx-host,string,0,10145041132607666182,peak_bytes,362,362,0
gxx-host,string,0,10145041132607666182,allocations,4,4,0
gxx-host,string,0,10145041132607666182,comparisons,0,0,0
gxx-host,string,1,4726940784443205537,allocated_bytes,454,454,0
gxx-host,string,1,4726940784443205537,live,0,0,0
gxx-host,string,1,4726940784443205537,peak_live,0,0,0
gxx-host,string,1,4726940784443205537,move_assign,0,0,0
gxx-host,string,1,4726940784443205537,freed_bytes,454,454,0
gxx-host,string,1,4726940784443205537,live_bytes,0,0,0
gxx-host,string,1,4726940784443205537,value_ctor,0,0,0
gxx-host,string,1,4726940784443205537,move_ctor,0,0,0
gxx-host,string,1,4726940784443205537,copy_assign,0,0,0
gxx-host,string,1,4726940784443205537,destroyed,0,0,0
gxx-host,string,1,4726940784443205537,copy_ctor,0,0,0
gxx-host,string,1,4726940784443205537,frees,4,4,0
gxx-host,string,1,4726940784443205537,peak_bytes,362,362,0
gxx-host,string,1,4726940784443205537,allocations,4,4,0
gxx-host,string,1,4726940784443205537,comparisons,0,0,0
gxx-host,bitset,0,1832741439190612588,allocated_bytes,0,0,0
gxx-host,bitset,0,1832741439190612588,live,0,0,0
gxx-host,bitset,0,1832741439190612588,peak_live,0,0,0
gxx-host,bitset,0,1832741439190612588,move_assign,0,0,0
gxx-host,bitset,0,1832741439190612588,freed_bytes,0,0,0
gxx-host,bitset,0,1832741439190612588,live_bytes,0,0,0
gxx-host,bitset,0,1832741439190612588,value_ctor,0,0,0
gxx-host,bitset,0,1832741439190612588,move_ctor,0,0,0
gxx-host,bitset,0,1832741439190612588,copy_assign,0,0,0
gxx-host,bitset,0,1832741439190612588,destroyed,0,0,0
gxx-host,bitset,0,1832741439190612588,copy_ctor,0,0,0
gxx-host,bitset,0,1832741439190612588,frees,0,0,0
gxx-host,bitset,0,1832741439190612588,peak_bytes,0,0,0
gxx-host,bitset,0,1832741439190612588,allocations,0,0,0
gxx-host,bitset,0,1832741439190612588,comparisons,0,0,0
gxx-host,bitset,1,17183222391966980974,allocated_bytes,0,0,0
gxx-host,bitset,1,17183222391966980974,live,0,0,0
gxx-host,bitset,1,17183222391966980974,peak_live,0,0,0
gxx-host,bitset,1,17183222391966980974,move_assign,0,0,0
gxx-host,bitset,1,17183222391966980974,freed_bytes,0,0,0
gxx-host,bitset,1,17183222391966980974,live_bytes,0,0,0
gxx-host,bitset,1,17183222391966980974,value_ctor,0,0,0
gxx-host,bitset,1,17183222391966980974,move_ctor,0,0,0
gxx-host,bitset,1,17183222391966980974,copy_assign,0,0,0
gxx-host,bitset,1,17183222391966980974,destroyed,0,0,0
gxx-host,bitset,1,17183222391966980974,copy_ctor,0,0,0
gxx-host,bitset,1,17183222391966980974,frees,0,0,0
gxx-host,bitset,1,17183222391966980974,peak_bytes,0,0,0
gxx-host,bitset,1,17183222391966980974,allocations,0,0,0
gxx-host,bitset,1,17183222391966980974,comparisons,0,0,0
gxx-host,string-short,0,13028320150223717531,allocated_bytes,496,496,0
gxx-host,string-short,0,13028320150223717531,live,0,0,0
gxx-host,string-short,0,13028320150223717531,peak_live,0,0,0
gxx-host,string-short,0,13028320150223717531,move_assign,0,0,0
gxx-host,string-short,0,13028320150223717531,freed_bytes,496,496,0
gxx-host,string-short,0,13028320150223717531,live_bytes,0,0,0
gxx-host,string-short,0,13028320150223717531,value_ctor,0,0,0
gxx-host,string-short,0,13028320150223717531,move_ctor,0,0,0
gxx-host,string-short,0,13028320150223717531,copy_assign,0,0,0
gxx-host,string-short,0,13028320150223717531,destroyed,0,0,0
gxx-host,string-short,0,13028320150223717531,copy_ctor,0,0,0
gxx-host,string-short,0,13028320150223717531,frees,16,16,0
gxx-host,string-short,0,13028320150223717531,peak_bytes,62,62,0
gxx-host,string-short,0,13028320150223717531,allocations,16,16,0
gxx-host,string-short,0,13028320150223717531,comparisons,0,0,0
gxx-host,string-short,1,15124631294888305325,allocated_bytes,496,496,0
gxx-host,string-short,1,15124631294888305325,live,0,0,0
gxx-host,string-short,1,15124631294888305325,peak_live,0,0,0
gxx-host,string-short,1,15124631294888305325,move_assign,0,0,0
gxx-host,string-short,1,15124631294888305325,freed_bytes,496,496,0
gxx-host,string-short,1,15124631294888305325,live_bytes,0,0,0
gxx-host,string-short,1,15124631294888305325,value_ctor,0,0,0
gxx-host,string-short,1,15124631294888305325,move_ctor,0,0,0
gxx-host,string-short,1,15124631294888305325,copy_assign,0,0,0
gxx-host,string-short,1,15124631294888305325,destroyed,0,0,0
gxx-host,string-short,1,15124631294888305325,copy_ctor,0,0,0
gxx-host,string-short,1,15124631294888305325,frees,16,16,0
gxx-host,string-short,1,15124631294888305325,peak_bytes,62,62,0
gxx-host,string-short,1,15124631294888305325,allocations,16,16,0
gxx-host,string-short,1,15124631294888305325,comparisons,0,0,0
gxx-host,bitset-count,0,11516146309360591764,allocated_bytes,0,0,0
gxx-host,bitset-count,0,11516146309360591764,live,0,0,0
gxx-host,bitset-count,0,11516146309360591764,peak_live,0,0,0
gxx-host,bitset-count,0,11516146309360591764,move_assign,0,0,0
gxx-host,bitset-count,0,11516146309360591764,freed_bytes,0,0,0
gxx-host,bitset-count,0,11516146309360591764,live_bytes,0,0,0
gxx-host,bitset-count,0,11516146309360591764,value_ctor,0,0,0
gxx-host,bitset-count,0,11516146309360591764,move_ctor,0,0,0
gxx-host,bitset-count,0,11516146309360591764,copy_assign,0,0,0
gxx-host,bitset-count,0,11516146309360591764,destroyed,0,0,0
gxx-host,bitset-count,0,11516146309360591764,copy_ctor,0,0,0
gxx-host,bitset-count,0,11516146309360591764,frees,0,0,0
gxx-host,bitset-count,0,11516146309360591764,peak_bytes,0,0,0
gxx-host,bitset-count,0,11516146309360591764,allocations,0,0,0
gxx-host,bitset-count,0,11516146309360591764,comparisons,0,0,0
gxx-host,bitset-count,1,2445875826056563149,allocated_bytes,0,0,0
gxx-host,bitset-count,1,2445875826056563149,live,0,0,0
gxx-host,bitset-count,1,2445875826056563149,peak_live,0,0,0
gxx-host,bitset-count,1,2445875826056563149,move_assign,0,0,0
gxx-host,bitset-count,1,2445875826056563149,freed_bytes,0,0,0
gxx-host,bitset-count,1,2445875826056563149,live_bytes,0,0,0
gxx-host,bitset-count,1,2445875826056563149,value_ctor,0,0,0
gxx-host,bitset-count,1,2445875826056563149,move_ctor,0,0,0
gxx-host,bitset-count,1,2445875826056563149,copy_assign,0,0,0
gxx-host,bitset-count,1,2445875826056563149,destroyed,0,0,0
gxx-host,bitset-count,1,2445875826056563149,copy_ctor,0,0,0
gxx-host,bitset-count,1,2445875826056563149,frees,0,0,0
gxx-host,bitset-count,1,2445875826056563149,peak_bytes,0,0,0
gxx-host,bitset-count,1,2445875826056563149,allocations,0,0,0
gxx-host,bitset-count,1,2445875826056563149,comparisons,0,0,0
gxx-host,bitset-count-sparse,0,3784589404002651322,peak_live,0,0,0
gxx-host,bitset-count-sparse,0,3784589404002651322,live_bytes,0,0,0
gxx-host,bitset-count-sparse,0,3784589404002651322,frees,0,0,0
gxx-host,bitset-count-sparse,0,3784589404002651322,live,0,0,0
gxx-host,bitset-count-sparse,0,3784589404002651322,move_assign,0,0,0
gxx-host,bitset-count-sparse,0,3784589404002651322,move_ctor,0,0,0
gxx-host,bitset-count-sparse,0,3784589404002651322,copy_assign,0,0,0
gxx-host,bitset-count-sparse,0,3784589404002651322,freed_bytes,0,0,0
gxx-host,bitset-count-sparse,0,3784589404002651322,value_ctor,0,0,0
gxx-host,bitset-count-sparse,0,3784589404002651322,count_total,4156,4156,0
gxx-host,bitset-count-sparse,0,3784589404002651322,allocations,0,0,0
gxx-host,bitset-count-sparse,0,3784589404002651322,comparisons,0,0,0
gxx-host,bitset-count-sparse,0,3784589404002651322,bit_mutations,256,256,0
gxx-host,bitset-count-sparse,0,3784589404002651322,allocated_bytes,0,0,0
gxx-host,bitset-count-sparse,0,3784589404002651322,copy_ctor,0,0,0
gxx-host,bitset-count-sparse,0,3784589404002651322,peak_bytes,0,0,0
gxx-host,bitset-count-sparse,0,3784589404002651322,count_calls,256,256,0
gxx-host,bitset-count-sparse,0,3784589404002651322,destroyed,0,0,0
gxx-host,bitset-count-sparse,1,16090885783204104021,peak_live,0,0,0
gxx-host,bitset-count-sparse,1,16090885783204104021,live_bytes,0,0,0
gxx-host,bitset-count-sparse,1,16090885783204104021,frees,0,0,0
gxx-host,bitset-count-sparse,1,16090885783204104021,live,0,0,0
gxx-host,bitset-count-sparse,1,16090885783204104021,move_assign,0,0,0
gxx-host,bitset-count-sparse,1,16090885783204104021,move_ctor,0,0,0
gxx-host,bitset-count-sparse,1,16090885783204104021,copy_assign,0,0,0
gxx-host,bitset-count-sparse,1,16090885783204104021,freed_bytes,0,0,0
gxx-host,bitset-count-sparse,1,16090885783204104021,value_ctor,0,0,0
gxx-host,bitset-count-sparse,1,16090885783204104021,count_total,4158,4158,0
gxx-host,bitset-count-sparse,1,16090885783204104021,allocations,0,0,0
gxx-host,bitset-count-sparse,1,16090885783204104021,comparisons,0,0,0
gxx-host,bitset-count-sparse,1,16090885783204104021,bit_mutations,256,256,0
gxx-host,bitset-count-sparse,1,16090885783204104021,allocated_bytes,0,0,0
gxx-host,bitset-count-sparse,1,16090885783204104021,copy_ctor,0,0,0
gxx-host,bitset-count-sparse,1,16090885783204104021,peak_bytes,0,0,0
gxx-host,bitset-count-sparse,1,16090885783204104021,count_calls,256,256,0
gxx-host,bitset-count-sparse,1,16090885783204104021,destroyed,0,0,0
gxx-host,bitset-count-dense,0,15077712790814499522,peak_live,0,0,0
gxx-host,bitset-count-dense,0,15077712790814499522,live_bytes,0,0,0
gxx-host,bitset-count-dense,0,15077712790814499522,frees,0,0,0
gxx-host,bitset-count-dense,0,15077712790814499522,live,0,0,0
gxx-host,bitset-count-dense,0,15077712790814499522,move_assign,0,0,0
gxx-host,bitset-count-dense,0,15077712790814499522,move_ctor,0,0,0
gxx-host,bitset-count-dense,0,15077712790814499522,copy_assign,0,0,0
gxx-host,bitset-count-dense,0,15077712790814499522,freed_bytes,0,0,0
gxx-host,bitset-count-dense,0,15077712790814499522,value_ctor,0,0,0
gxx-host,bitset-count-dense,0,15077712790814499522,count_total,257988,257988,0
gxx-host,bitset-count-dense,0,15077712790814499522,allocations,0,0,0
gxx-host,bitset-count-dense,0,15077712790814499522,comparisons,0,0,0
gxx-host,bitset-count-dense,0,15077712790814499522,bit_mutations,256,256,0
gxx-host,bitset-count-dense,0,15077712790814499522,allocated_bytes,0,0,0
gxx-host,bitset-count-dense,0,15077712790814499522,copy_ctor,0,0,0
gxx-host,bitset-count-dense,0,15077712790814499522,peak_bytes,0,0,0
gxx-host,bitset-count-dense,0,15077712790814499522,count_calls,256,256,0
gxx-host,bitset-count-dense,0,15077712790814499522,destroyed,0,0,0
gxx-host,bitset-count-dense,1,17328273090332752061,peak_live,0,0,0
gxx-host,bitset-count-dense,1,17328273090332752061,live_bytes,0,0,0
gxx-host,bitset-count-dense,1,17328273090332752061,frees,0,0,0
gxx-host,bitset-count-dense,1,17328273090332752061,live,0,0,0
gxx-host,bitset-count-dense,1,17328273090332752061,move_assign,0,0,0
gxx-host,bitset-count-dense,1,17328273090332752061,move_ctor,0,0,0
gxx-host,bitset-count-dense,1,17328273090332752061,copy_assign,0,0,0
gxx-host,bitset-count-dense,1,17328273090332752061,freed_bytes,0,0,0
gxx-host,bitset-count-dense,1,17328273090332752061,value_ctor,0,0,0
gxx-host,bitset-count-dense,1,17328273090332752061,count_total,257986,257986,0
gxx-host,bitset-count-dense,1,17328273090332752061,allocations,0,0,0
gxx-host,bitset-count-dense,1,17328273090332752061,comparisons,0,0,0
gxx-host,bitset-count-dense,1,17328273090332752061,bit_mutations,256,256,0
gxx-host,bitset-count-dense,1,17328273090332752061,allocated_bytes,0,0,0
gxx-host,bitset-count-dense,1,17328273090332752061,copy_ctor,0,0,0
gxx-host,bitset-count-dense,1,17328273090332752061,peak_bytes,0,0,0
gxx-host,bitset-count-dense,1,17328273090332752061,count_calls,256,256,0
gxx-host,bitset-count-dense,1,17328273090332752061,destroyed,0,0,0
