build,workload,rounds,allocated_bytes_baseline,allocated_bytes_final,allocated_bytes_delta,live_baseline,live_final,live_delta,peak_live_baseline,peak_live_final,peak_live_delta,move_assign_baseline,move_assign_final,move_assign_delta,freed_bytes_baseline,freed_bytes_final,freed_bytes_delta,live_bytes_baseline,live_bytes_final,live_bytes_delta,value_ctor_baseline,value_ctor_final,value_ctor_delta,move_ctor_baseline,move_ctor_final,move_ctor_delta,copy_assign_baseline,copy_assign_final,copy_assign_delta,destroyed_baseline,destroyed_final,destroyed_delta,copy_ctor_baseline,copy_ctor_final,copy_ctor_delta,frees_baseline,frees_final,frees_delta,peak_bytes_baseline,peak_bytes_final,peak_bytes_delta,allocations_baseline,allocations_final,allocations_delta,comparisons_baseline,comparisons_final,comparisons_delta,count_total_baseline,count_total_final,count_total_delta,bit_mutations_baseline,bit_mutations_final,bit_mutations_delta,count_calls_baseline,count_calls_final,count_calls_delta
minic-baseline,vector-sort,2,2040,2040,0,0,0,0,130,130,0,1715,1715,0,2040,2040,0,0,0,0,256,256,0,1155,1155,0,0,0,0,1411,1411,0,0,0,0,16,16,0,768,768,0,16,16,0,1897,1897,0,,,,,,,,,
minic-baseline,binary-search,2,2040,2040,0,0,0,0,130,130,0,1715,1715,0,2040,2040,0,0,0,0,512,512,0,1155,1155,0,0,0,0,1667,1667,0,0,0,0,16,16,0,768,768,0,16,16,0,3691,3691,0,,,,,,,,,
minic-baseline,priority-queue,2,2040,2040,0,0,0,0,130,130,0,2454,2454,0,2040,2040,0,0,0,0,256,256,0,1272,1272,0,0,0,0,1528,1528,0,0,0,0,16,16,0,768,768,0,16,16,0,2888,2888,0,,,,,,,,,
minic-baseline,ordered-map,2,4640,4640,0,0,0,0,59,59,0,256,256,0,4640,4640,0,0,0,0,372,372,0,0,0,0,0,0,0,372,372,0,0,0,0,116,116,0,2320,2320,0,116,116,0,3095,3095,0,,,,,,,,,
minic-baseline,deque,2,1152,1152,0,0,0,0,129,129,0,0,0,0,1152,1152,0,0,0,0,256,256,0,256,256,0,0,0,0,512,512,0,0,0,0,4,4,0,576,576,0,4,4,0,0,0,0,,,,,,,,,
minic-baseline,string,2,1048,908,-140,0,0,0,0,0,0,0,0,0,1048,908,-140,0,0,0,0,0,0,0,0,0,0,0,0,0,0,0,0,0,0,20,8,-12,390,362,-28,20,8,-12,0,0,0,,,,,,,,,
minic-baseline,bitset,2,0,0,0,0,0,0,0,0,0,0,0,0,0,0,0,0,0,0,0,0,0,0,0,0,0,0,0,0,0,0,0,0,0,0,0,0,0,0,0,0,0,0,0,0,0,,,,,,,,,
minic-baseline,string-short,2,16640,992,-15648,0,0,0,0,0,0,0,0,0,16640,992,-15648,0,0,0,0,0,0,0,0,0,0,0,0,0,0,0,0,0,0,1488,32,-1456,94,62,-32,1488,32,-1456,0,0,0,,,,,,,,,
minic-baseline,bitset-count,2,0,0,0,0,0,0,0,0,0,0,0,0,0,0,0,0,0,0,0,0,0,0,0,0,0,0,0,0,0,0,0,0,0,0,0,0,0,0,0,0,0,0,0,0,0,,,,,,,,,
minic-baseline,bitset-count-sparse,2,0,0,0,0,0,0,0,0,0,0,0,0,0,0,0,0,0,0,0,0,0,0,0,0,0,0,0,0,0,0,0,0,0,0,0,0,0,0,0,0,0,0,0,0,0,8314,8314,0,512,512,0,512,512,0
minic-baseline,bitset-count-dense,2,0,0,0,0,0,0,0,0,0,0,0,0,0,0,0,0,0,0,0,0,0,0,0,0,0,0,0,0,0,0,0,0,0,0,0,0,0,0,0,0,0,0,0,0,0,515974,515974,0,512,512,0,512,512,0
minic-optimized,vector-sort,2,2040,2040,0,0,0,0,130,130,0,1715,1715,0,2040,2040,0,0,0,0,256,256,0,1155,1155,0,0,0,0,1411,1411,0,0,0,0,16,16,0,768,768,0,16,16,0,1897,1897,0,,,,,,,,,
minic-optimized,binary-search,2,2040,2040,0,0,0,0,130,130,0,1715,1715,0,2040,2040,0,0,0,0,512,512,0,1155,1155,0,0,0,0,1667,1667,0,0,0,0,16,16,0,768,768,0,16,16,0,3691,3691,0,,,,,,,,,
minic-optimized,priority-queue,2,2040,2040,0,0,0,0,130,130,0,2454,2454,0,2040,2040,0,0,0,0,256,256,0,1272,1272,0,0,0,0,1528,1528,0,0,0,0,16,16,0,768,768,0,16,16,0,2888,2888,0,,,,,,,,,
minic-optimized,ordered-map,2,4640,4640,0,0,0,0,59,59,0,256,256,0,4640,4640,0,0,0,0,372,372,0,0,0,0,0,0,0,372,372,0,0,0,0,116,116,0,2320,2320,0,116,116,0,3095,3095,0,,,,,,,,,
minic-optimized,deque,2,1152,1152,0,0,0,0,129,129,0,0,0,0,1152,1152,0,0,0,0,256,256,0,256,256,0,0,0,0,512,512,0,0,0,0,4,4,0,576,576,0,4,4,0,0,0,0,,,,,,,,,
minic-optimized,string,2,1048,908,-140,0,0,0,0,0,0,0,0,0,1048,908,-140,0,0,0,0,0,0,0,0,0,0,0,0,0,0,0,0,0,0,20,8,-12,390,362,-28,20,8,-12,0,0,0,,,,,,,,,
minic-optimized,bitset,2,0,0,0,0,0,0,0,0,0,0,0,0,0,0,0,0,0,0,0,0,0,0,0,0,0,0,0,0,0,0,0,0,0,0,0,0,0,0,0,0,0,0,0,0,0,,,,,,,,,
minic-optimized,string-short,2,16640,992,-15648,0,0,0,0,0,0,0,0,0,16640,992,-15648,0,0,0,0,0,0,0,0,0,0,0,0,0,0,0,0,0,0,1488,32,-1456,94,62,-32,1488,32,-1456,0,0,0,,,,,,,,,
minic-optimized,bitset-count,2,0,0,0,0,0,0,0,0,0,0,0,0,0,0,0,0,0,0,0,0,0,0,0,0,0,0,0,0,0,0,0,0,0,0,0,0,0,0,0,0,0,0,0,0,0,,,,,,,,,
minic-optimized,bitset-count-sparse,2,0,0,0,0,0,0,0,0,0,0,0,0,0,0,0,0,0,0,0,0,0,0,0,0,0,0,0,0,0,0,0,0,0,0,0,0,0,0,0,0,0,0,0,0,0,8314,8314,0,512,512,0,512,512,0
minic-optimized,bitset-count-dense,2,0,0,0,0,0,0,0,0,0,0,0,0,0,0,0,0,0,0,0,0,0,0,0,0,0,0,0,0,0,0,0,0,0,0,0,0,0,0,0,0,0,0,0,0,0,515974,515974,0,512,512,0,512,512,0
gxx-own,vector-sort,2,2040,2040,0,0,0,0,130,130,0,1715,1715,0,2040,2040,0,0,0,0,256,256,0,1155,1155,0,0,0,0,1411,1411,0,0,0,0,16,16,0,768,768,0,16,16,0,1897,1897,0,,,,,,,,,
gxx-own,binary-search,2,2040,2040,0,0,0,0,130,130,0,1715,1715,0,2040,2040,0,0,0,0,512,512,0,1155,1155,0,0,0,0,1667,1667,0,0,0,0,16,16,0,768,768,0,16,16,0,3691,3691,0,,,,,,,,,
gxx-own,priority-queue,2,2040,2040,0,0,0,0,130,130,0,2454,2454,0,2040,2040,0,0,0,0,256,256,0,1272,1272,0,0,0,0,1528,1528,0,0,0,0,16,16,0,768,768,0,16,16,0,2888,2888,0,,,,,,,,,
gxx-own,ordered-map,2,4640,4640,0,0,0,0,59,59,0,256,256,0,4640,4640,0,0,0,0,372,372,0,0,0,0,0,0,0,372,372,0,0,0,0,116,116,0,2320,2320,0,116,116,0,3095,3095,0,,,,,,,,,
gxx-own,deque,2,1152,1152,0,0,0,0,129,129,0,0,0,0,1152,1152,0,0,0,0,256,256,0,256,256,0,0,0,0,512,512,0,0,0,0,4,4,0,576,576,0,4,4,0,0,0,0,,,,,,,,,
gxx-own,string,2,1048,908,-140,0,0,0,0,0,0,0,0,0,1048,908,-140,0,0,0,0,0,0,0,0,0,0,0,0,0,0,0,0,0,0,20,8,-12,390,362,-28,20,8,-12,0,0,0,,,,,,,,,
gxx-own,bitset,2,0,0,0,0,0,0,0,0,0,0,0,0,0,0,0,0,0,0,0,0,0,0,0,0,0,0,0,0,0,0,0,0,0,0,0,0,0,0,0,0,0,0,0,0,0,,,,,,,,,
gxx-own,string-short,2,16640,992,-15648,0,0,0,0,0,0,0,0,0,16640,992,-15648,0,0,0,0,0,0,0,0,0,0,0,0,0,0,0,0,0,0,1488,32,-1456,94,62,-32,1488,32,-1456,0,0,0,,,,,,,,,
gxx-own,bitset-count,2,0,0,0,0,0,0,0,0,0,0,0,0,0,0,0,0,0,0,0,0,0,0,0,0,0,0,0,0,0,0,0,0,0,0,0,0,0,0,0,0,0,0,0,0,0,,,,,,,,,
gxx-own,bitset-count-sparse,2,0,0,0,0,0,0,0,0,0,0,0,0,0,0,0,0,0,0,0,0,0,0,0,0,0,0,0,0,0,0,0,0,0,0,0,0,0,0,0,0,0,0,0,0,0,8314,8314,0,512,512,0,512,512,0
gxx-own,bitset-count-dense,2,0,0,0,0,0,0,0,0,0,0,0,0,0,0,0,0,0,0,0,0,0,0,0,0,0,0,0,0,0,0,0,0,0,0,0,0,0,0,0,0,0,0,0,0,0,515974,515974,0,512,512,0,512,512,0
gxx-host,vector-sort,2,2040,2040,0,0,0,0,130,130,0,1462,1462,0,2040,2040,0,0,0,0,256,256,0,1000,1000,0,0,0,0,1256,1256,0,0,0,0,16,16,0,768,768,0,16,16,0,2139,2139,0,,,,,,,,,
gxx-host,binary-search,2,2040,2040,0,0,0,0,130,130,0,1462,1462,0,2040,2040,0,0,0,0,512,512,0,1000,1000,0,0,0,0,1512,1512,0,0,0,0,16,16,0,768,768,0,16,16,0,3933,3933,0,,,,,,,,,
gxx-host,priority-queue,2,2040,2040,0,0,0,0,131,131,0,2290,2290,0,2040,2040,0,0,0,0,256,256,0,1784,1784,0,0,0,0,2040,2040,0,0,0,0,16,16,0,768,768,0,16,16,0,2012,2012,0,,,,,,,,,
gxx-host,ordered-map,2,4640,4640,0,0,0,0,59,59,0,256,256,0,4640,4640,0,0,0,0,372,372,0,0,0,0,0,0,0,372,372,0,0,0,0,116,116,0,2320,2320,0,116,116,0,2408,2408,0,,,,,,,,,
gxx-host,deque,2,2176,2176,0,0,0,0,129,129,0,0,0,0,2176,2176,0,0,0,0,256,256,0,256,256,0,0,0,0,512,512,0,0,0,0,6,6,0,1088,1088,0,6,6,0,0,0,0,,,,,,,,,
gxx-host,string,2,908,908,0,0,0,0,0,0,0,0,0,0,908,908,0,0,0,0,0,0,0,0,0,0,0,0,0,0,0,0,0,0,0,8,8,0,362,362,0,8,8,0,0,0,0,,,,,,,,,
gxx-host,bitset,2,0,0,0,0,0,0,0,0,0,0,0,0,0,0,0,0,0,0,0,0,0,0,0,0,0,0,0,0,0,0,0,0,0,0,0,0,0,0,0,0,0,0,0,0,0,,,,,,,,,
gxx-host,string-short,2,992,992,0,0,0,0,0,0,0,0,0,0,992,992,0,0,0,0,0,0,0,0,0,0,0,0,0,0,0,0,0,0,0,32,32,0,62,62,0,32,32,0,0,0,0,,,,,,,,,
gxx-host,bitset-count,2,0,0,0,0,0,0,0,0,0,0,0,0,0,0,0,0,0,0,0,0,0,0,0,0,0,0,0,0,0,0,0,0,0,0,0,0,0,0,0,0,0,0,0,0,0,,,,,,,,,
gxx-host,bitset-count-sparse,2,0,0,0,0,0,0,0,0,0,0,0,0,0,0,0,0,0,0,0,0,0,0,0,0,0,0,0,0,0,0,0,0,0,0,0,0,0,0,0,0,0,0,0,0,0,8314,8314,0,512,512,0,512,512,0
gxx-host,bitset-count-dense,2,0,0,0,0,0,0,0,0,0,0,0,0,0,0,0,0,0,0,0,0,0,0,0,0,0,0,0,0,0,0,0,0,0,0,0,0,0,0,0,0,0,0,0,0,0,515974,515974,0,512,512,0,512,512,0
