workload,compiler,phase,repetition,size,rounds,seed,processWallNanos,compilerPipelineNanos,checksum,sourceSha256
"array-scan","minic","compile","0","65536","512","1729","629064600","496112100","","e665575e974a32f7e74518fcf3a0438aab9bc6c832c5233d55abeae7522d6892"
"array-scan","g++","compile","0","65536","512","1729","298381700","","","e665575e974a32f7e74518fcf3a0438aab9bc6c832c5233d55abeae7522d6892"
"array-scan","minic","preflight","0","65536","512","1729","567652300","","1099724671488","e665575e974a32f7e74518fcf3a0438aab9bc6c832c5233d55abeae7522d6892"
"array-scan","g++","preflight","0","65536","512","1729","202021000","","1099724671488","e665575e974a32f7e74518fcf3a0438aab9bc6c832c5233d55abeae7522d6892"
"array-scan","minic","calibration","0","65536","512","1729","366207500","","1099724671488","e665575e974a32f7e74518fcf3a0438aab9bc6c832c5233d55abeae7522d6892"
"array-scan","g++","calibration","0","65536","512","1729","58315700","","1099724671488","e665575e974a32f7e74518fcf3a0438aab9bc6c832c5233d55abeae7522d6892"
"array-scan","g++","calibration","1","65536","1024","1729","67165900","","2199575499776","e665575e974a32f7e74518fcf3a0438aab9bc6c832c5233d55abeae7522d6892"
"array-scan","minic","calibration","1","65536","1024","1729","800224900","","2199575499776","e665575e974a32f7e74518fcf3a0438aab9bc6c832c5233d55abeae7522d6892"
"array-scan","minic","calibration","2","65536","2048","1729","1414262900","","4397648128000","e665575e974a32f7e74518fcf3a0438aab9bc6c832c5233d55abeae7522d6892"
"array-scan","g++","calibration","2","65536","2048","1729","114340600","","4397648128000","e665575e974a32f7e74518fcf3a0438aab9bc6c832c5233d55abeae7522d6892"
"array-scan","minic","warmup","0","65536","2048","1729","1487886000","","4397648128000","e665575e974a32f7e74518fcf3a0438aab9bc6c832c5233d55abeae7522d6892"
"array-scan","g++","warmup","0","65536","2048","1729","132031200","","4397648128000","e665575e974a32f7e74518fcf3a0438aab9bc6c832c5233d55abeae7522d6892"
"array-scan","g++","measurement","0","65536","2048","1729","114260400","","4397648128000","e665575e974a32f7e74518fcf3a0438aab9bc6c832c5233d55abeae7522d6892"
"array-scan","minic","measurement","0","65536","2048","1729","1768603800","","4397648128000","e665575e974a32f7e74518fcf3a0438aab9bc6c832c5233d55abeae7522d6892"
"array-scan","minic","measurement","1","65536","2048","1729","1455647800","","4397648128000","e665575e974a32f7e74518fcf3a0438aab9bc6c832c5233d55abeae7522d6892"
"array-scan","g++","measurement","1","65536","2048","1729","108169300","","4397648128000","e665575e974a32f7e74518fcf3a0438aab9bc6c832c5233d55abeae7522d6892"
"array-scan","g++","measurement","2","65536","2048","1729","104070400","","4397648128000","e665575e974a32f7e74518fcf3a0438aab9bc6c832c5233d55abeae7522d6892"
"array-scan","minic","measurement","2","65536","2048","1729","1288013700","","4397648128000","e665575e974a32f7e74518fcf3a0438aab9bc6c832c5233d55abeae7522d6892"
"function-calls","minic","compile","0","65536","512","1729","442134000","332959400","","355b43dde75de2d211118a2f5bc210d874f2da2262d38dfe066d228f7f2a0dfc"
"function-calls","g++","compile","0","65536","512","1729","191377400","","","355b43dde75de2d211118a2f5bc210d874f2da2262d38dfe066d228f7f2a0dfc"
"function-calls","minic","preflight","0","65536","512","1729","485764700","","15408","355b43dde75de2d211118a2f5bc210d874f2da2262d38dfe066d228f7f2a0dfc"
"function-calls","g++","preflight","0","65536","512","1729","366885000","","15408","355b43dde75de2d211118a2f5bc210d874f2da2262d38dfe066d228f7f2a0dfc"
"function-calls","minic","calibration","0","65536","512","1729","281708800","","15408","355b43dde75de2d211118a2f5bc210d874f2da2262d38dfe066d228f7f2a0dfc"
"function-calls","g++","calibration","0","65536","512","1729","154742500","","15408","355b43dde75de2d211118a2f5bc210d874f2da2262d38dfe066d228f7f2a0dfc"
"function-calls","minic","warmup","0","65536","512","1729","285488000","","15408","355b43dde75de2d211118a2f5bc210d874f2da2262d38dfe066d228f7f2a0dfc"
"function-calls","g++","warmup","0","65536","512","1729","153901200","","15408","355b43dde75de2d211118a2f5bc210d874f2da2262d38dfe066d228f7f2a0dfc"
"function-calls","g++","measurement","0","65536","512","1729","151906600","","15408","355b43dde75de2d211118a2f5bc210d874f2da2262d38dfe066d228f7f2a0dfc"
"function-calls","minic","measurement","0","65536","512","1729","277542900","","15408","355b43dde75de2d211118a2f5bc210d874f2da2262d38dfe066d228f7f2a0dfc"
"function-calls","minic","measurement","1","65536","512","1729","276089600","","15408","355b43dde75de2d211118a2f5bc210d874f2da2262d38dfe066d228f7f2a0dfc"
"function-calls","g++","measurement","1","65536","512","1729","155584100","","15408","355b43dde75de2d211118a2f5bc210d874f2da2262d38dfe066d228f7f2a0dfc"
"function-calls","g++","measurement","2","65536","512","1729","153274700","","15408","355b43dde75de2d211118a2f5bc210d874f2da2262d38dfe066d228f7f2a0dfc"
"function-calls","minic","measurement","2","65536","512","1729","276292000","","15408","355b43dde75de2d211118a2f5bc210d874f2da2262d38dfe066d228f7f2a0dfc"
"memory-copy","minic","compile","0","65536","512","1729","496009300","391716100","","4f665ba90fd8f8076a0516e9f7ada519df9d2c70b0a0aa963ac24031d9102745"
"memory-copy","g++","compile","0","65536","512","1729","205679100","","","4f665ba90fd8f8076a0516e9f7ada519df9d2c70b0a0aa963ac24031d9102745"
"memory-copy","minic","preflight","0","65536","512","1729","229061700","","2146952549","4f665ba90fd8f8076a0516e9f7ada519df9d2c70b0a0aa963ac24031d9102745"
"memory-copy","g++","preflight","0","65536","512","1729","213151300","","2146952549","4f665ba90fd8f8076a0516e9f7ada519df9d2c70b0a0aa963ac24031d9102745"
"memory-copy","minic","calibration","0","65536","512","1729","30441600","","2146952549","4f665ba90fd8f8076a0516e9f7ada519df9d2c70b0a0aa963ac24031d9102745"
"memory-copy","g++","calibration","0","65536","512","1729","28694700","","2146952549","4f665ba90fd8f8076a0516e9f7ada519df9d2c70b0a0aa963ac24031d9102745"
"memory-copy","g++","calibration","1","65536","1024","1729","32565800","","2147018341","4f665ba90fd8f8076a0516e9f7ada519df9d2c70b0a0aa963ac24031d9102745"
"memory-copy","minic","calibration","1","65536","1024","1729","34666000","","2147018341","4f665ba90fd8f8076a0516e9f7ada519df9d2c70b0a0aa963ac24031d9102745"
"memory-copy","minic","calibration","2","65536","2048","1729","45854100","","2147018853","4f665ba90fd8f8076a0516e9f7ada519df9d2c70b0a0aa963ac24031d9102745"
"memory-copy","g++","calibration","2","65536","2048","1729","37297400","","2147018853","4f665ba90fd8f8076a0516e9f7ada519df9d2c70b0a0aa963ac24031d9102745"
"memory-copy","g++","calibration","3","65536","4096","1729","49863400","","2146757733","4f665ba90fd8f8076a0516e9f7ada519df9d2c70b0a0aa963ac24031d9102745"
"memory-copy","minic","calibration","3","65536","4096","1729","54499600","","2146757733","4f665ba90fd8f8076a0516e9f7ada519df9d2c70b0a0aa963ac24031d9102745"
"memory-copy","minic","calibration","4","65536","8192","1729","82345000","","2146956389","4f665ba90fd8f8076a0516e9f7ada519df9d2c70b0a0aa963ac24031d9102745"
"memory-copy","g++","calibration","4","65536","8192","1729","76957500","","2146956389","4f665ba90fd8f8076a0516e9f7ada519df9d2c70b0a0aa963ac24031d9102745"
"memory-copy","g++","calibration","5","65536","16384","1729","134599600","","2147484773","4f665ba90fd8f8076a0516e9f7ada519df9d2c70b0a0aa963ac24031d9102745"
"memory-copy","minic","calibration","5","65536","16384","1729","142064700","","2147484773","4f665ba90fd8f8076a0516e9f7ada519df9d2c70b0a0aa963ac24031d9102745"
"memory-copy","minic","warmup","0","65536","16384","1729","130517900","","2147484773","4f665ba90fd8f8076a0516e9f7ada519df9d2c70b0a0aa963ac24031d9102745"
"memory-copy","g++","warmup","0","65536","16384","1729","139311700","","2147484773","4f665ba90fd8f8076a0516e9f7ada519df9d2c70b0a0aa963ac24031d9102745"
"memory-copy","g++","measurement","0","65536","16384","1729","134030100","","2147484773","4f665ba90fd8f8076a0516e9f7ada519df9d2c70b0a0aa963ac24031d9102745"
"memory-copy","minic","measurement","0","65536","16384","1729","135689900","","2147484773","4f665ba90fd8f8076a0516e9f7ada519df9d2c70b0a0aa963ac24031d9102745"
"memory-copy","minic","measurement","1","65536","16384","1729","142466000","","2147484773","4f665ba90fd8f8076a0516e9f7ada519df9d2c70b0a0aa963ac24031d9102745"
"memory-copy","g++","measurement","1","65536","16384","1729","128047900","","2147484773","4f665ba90fd8f8076a0516e9f7ada519df9d2c70b0a0aa963ac24031d9102745"
"memory-copy","g++","measurement","2","65536","16384","1729","119425400","","2147484773","4f665ba90fd8f8076a0516e9f7ada519df9d2c70b0a0aa963ac24031d9102745"
"memory-copy","minic","measurement","2","65536","16384","1729","124874200","","2147484773","4f665ba90fd8f8076a0516e9f7ada519df9d2c70b0a0aa963ac24031d9102745"
